race_ID,date,course,time,race_name,class,band,dist.f.,dist.m.,going,season,race_group,race_type,Month,Year,Period,Runners,Race_Money,horse_name,trainer,jockey,sp,dec,age,weight,lbs,gear,or,ts,rpr,sire,dam,damsire,target
RID1851-IE-14,2014-11-23,Navan,12:25,I.N.H. Stallion Owners European Breeders Fund Maiden Hurdle,Class 5,4yo+,16.0,3200,Soft,14,Hurdle,Handicap,11.0,2014.0,2014 - 11,11,11520.0,Milsean,W P Mullins,B J Cooper,2/11F,1.18,5,11-12,166,,,89.0,129.0,Milan (GB),Boro Supreme (IRE),Supreme Leader,1
RID1851-IE-14,2014-11-23,Navan,12:25,I.N.H. Stallion Owners European Breeders Fund Maiden Hurdle,Class 5,4yo+,16.0,3200,Soft,14,Hurdle,Handicap,11.0,2014.0,2014 - 11,11,11520.0,Snow Falcon,Noel Meade,Paul Carberry,4/1,5.0,4,11-9,163,,,84.0,125.0,Presenting (GB),Flocon De Neige (IRE),Kahyasi,0
RID1851-IE-14,2014-11-23,Navan,12:25,I.N.H. Stallion Owners European Breeders Fund Maiden Hurdle,Class 5,4yo+,16.0,3200,Soft,14,Hurdle,Handicap,11.0,2014.0,2014 - 11,11,11520.0,Ordinary World,Henry De Bromhead,Robbie Colgan,12/1,13.0,4,11-9,163,,,83.0,124.0,Milan (GB),Saucy Present (IRE),Presenting,0
RID1851-IE-14,2014-11-23,Navan,12:25,I.N.H. Stallion Owners European Breeders Fund Maiden Hurdle,Class 5,4yo+,16.0,3200,Soft,14,Hurdle,Handicap,11.0,2014.0,2014 - 11,11,11520.0,Space Cadet,Gordon Elliott,Kevin Sexton,20/1,21.0,4,11-6,160,,,81.0,123.0,Flemensfirth (USA),Shuil A Hocht (IRE),Mohaajir,0
RID1851-IE-14,2014-11-23,Navan,12:25,I.N.H. Stallion Owners European Breeders Fund Maiden Hurdle,Class 5,4yo+,16.0,3200,Soft,14,Hurdle,Handicap,11.0,2014.0,2014 - 11,11,11520.0,Another Rattler,P J Rothwell,Mark Walsh,50/1,51.0,5,11-12,166,,,57.0,105.0,Mountain High (IRE),Heather's Perk (IRE),Executive Perk,0
RID1851-IE-14,2014-11-23,Navan,12:25,I.N.H. Stallion Owners European Breeders Fund Maiden Hurdle,Class 5,4yo+,16.0,3200,Soft,14,Hurdle,Handicap,11.0,2014.0,2014 - 11,11,11520.0,Topper Thornton,C A McBratney,A P Heskin,50/1,51.0,5,11-12,166,,,54.0,103.0,Double Eclipse (IRE),Gailybay Ellen (IRE),Supreme Leader,0
RID1851-IE-14,2014-11-23,Navan,12:25,I.N.H. Stallion Owners European Breeders Fund Maiden Hurdle,Class 5,4yo+,16.0,3200,Soft,14,Hurdle,Handicap,11.0,2014.0,2014 - 11,11,11520.0,Scorpion Wells,Ms Margaret Mullins,Andrew J McNamara,20/1,21.0,4,11-9,163,,,51.0,99.0,Scorpion (IRE),Millwell (IRE),Milan,0
RID1851-IE-14,2014-11-23,Navan,12:25,I.N.H. Stallion Owners European Breeders Fund Maiden Hurdle,Class 5,4yo+,16.0,3200,Soft,14,Hurdle,Handicap,11.0,2014.0,2014 - 11,11,11520.0,Dollar And A Dream,A J Martin,Brian O'Connell,50/1,51.0,5,11-12,166,,,34.0,87.0,Fruits Of Love (USA),Gorgeous Georgina (IRE),Tirol,0
RID1851-IE-14,2014-11-23,Navan,12:25,I.N.H. Stallion Owners European Breeders Fund Maiden Hurdle,Class 5,4yo+,16.0,3200,Soft,14,Hurdle,Handicap,11.0,2014.0,2014 - 11,11,11520.0,Sunsharp,Mrs Gillian Callaghan,Keith Donoghue,66/1,67.0,6,11-5,159,h,,16.0,72.0,Sunshine Street (USA),Princesse Sharpo (USA),Trempolino,0
RID1851-IE-14,2014-11-23,Navan,12:25,I.N.H. Stallion Owners European Breeders Fund Maiden Hurdle,Class 5,4yo+,16.0,3200,Soft,14,Hurdle,Handicap,11.0,2014.0,2014 - 11,11,11520.0,Phone Booth,Robert Tyner,Phillip Enright,50/1,51.0,6,11-5,159,,,,41.0,Catcher In The Rye (IRE),Secret Flutter (IRE),Entrepreneur,0
RID1851-IE-14,2014-11-23,Navan,12:25,I.N.H. Stallion Owners European Breeders Fund Maiden Hurdle,Class 5,4yo+,16.0,3200,Soft,14,Hurdle,Handicap,11.0,2014.0,2014 - 11,11,11520.0,Two Cool Shabra,Anthony McCann,Jonathan Moore,66/1,67.0,4,11-2,156,,,,44.0,One Cool Cat (USA),Mabrooka (USA),Bahri,0
RID1852-IE-14,2014-11-23,Navan,1:55,Irish Stallion Farms European Breeders Fund Beginners Chase,,4yo+,17.0,3400,Soft,14,Chase,Even,11.0,2014.0,2014 - 11,16,14400.0,Vautour,W P Mullins,R Walsh,2/11F,1.18,5,11-12,166,,,99.0,152.0,Robin Des Champs (FR),Gazelle De Mai (FR),Dom Pasquini,1
RID1852-IE-14,2014-11-23,Navan,1:55,Irish Stallion Farms European Breeders Fund Beginners Chase,,4yo+,17.0,3400,Soft,14,Chase,Even,11.0,2014.0,2014 - 11,16,14400.0,Clarcam,Gordon Elliott,B J Cooper,6/1,7.0,4,11-0,154,t,,77.0,126.0,Califet (FR),Rose Beryl (FR),Lost World,0
RID1852-IE-14,2014-11-23,Navan,1:55,Irish Stallion Farms European Breeders Fund Beginners Chase,,4yo+,17.0,3400,Soft,14,Chase,Even,11.0,2014.0,2014 - 11,16,14400.0,Viconte Du Noyer,Henry De Bromhead,Jonathan Burke,10/1,11.0,5,11-9,163,t,,80.0,132.0,Martaline (GB),Zouk Wood (USA),Woodman,0
RID1852-IE-14,2014-11-23,Navan,1:55,Irish Stallion Farms European Breeders Fund Beginners Chase,,4yo+,17.0,3400,Soft,14,Chase,Even,11.0,2014.0,2014 - 11,16,14400.0,Dysios,Denis W Cullen,Robbie Power,50/1,51.0,6,11-12,166,,,75.0,126.0,Invincible Spirit (IRE),Hataana (USA),Robellino,0
RID1852-IE-14,2014-11-23,Navan,1:55,Irish Stallion Farms European Breeders Fund Beginners Chase,,4yo+,17.0,3400,Soft,14,Chase,Even,11.0,2014.0,2014 - 11,16,14400.0,Minella Foru,Edward P Harty,Mark Walsh,12/1,13.0,5,11-12,166,,,74.0,125.0,King's Theatre (IRE),Shannon Rose (IRE),Topanoora,0
RID1852-IE-14,2014-11-23,Navan,1:55,Irish Stallion Farms European Breeders Fund Beginners Chase,,4yo+,17.0,3400,Soft,14,Chase,Even,11.0,2014.0,2014 - 11,16,14400.0,The Housekeeper,David Harry Kelly,Mark Enright,25/1,26.0,7,11-5,159,h,,37.0,95.0,Heron Island (IRE),The Wounded Cook (IRE),Muroto,0
RID1852-IE-14,2014-11-23,Navan,1:55,Irish Stallion Farms European Breeders Fund Beginners Chase,,4yo+,17.0,3400,Soft,14,Chase,Even,11.0,2014.0,2014 - 11,16,14400.0,Owens Pride,Michael G Cleary,Danny Mullins,66/1,67.0,7,11-12,166,t,,43.0,101.0,Spadoun (FR),Monte Rosa (IRE),Supreme Leader,0
RID1852-IE-14,2014-11-23,Navan,1:55,Irish Stallion Farms European Breeders Fund Beginners Chase,,4yo+,17.0,3400,Soft,14,Chase,Even,11.0,2014.0,2014 - 11,16,14400.0,Western Boy,P A Fahy,Alan Crowe,10/1,11.0,5,11-12,166,,,42.0,100.0,Antonius Pius (USA),Skala (IRE),Hernando,0
RID1852-IE-14,2014-11-23,Navan,1:55,Irish Stallion Farms European Breeders Fund Beginners Chase,,4yo+,17.0,3400,Soft,14,Chase,Even,11.0,2014.0,2014 - 11,16,14400.0,Third Opinion,T J Taaffe,Ger Fox,50/1,51.0,6,11-7,161,,,29.0,91.0,Zagreb (USA),Toulon Pass (IRE),Toulon,0
RID1852-IE-14,2014-11-23,Navan,1:55,Irish Stallion Farms European Breeders Fund Beginners Chase,,4yo+,17.0,3400,Soft,14,Chase,Even,11.0,2014.0,2014 - 11,16,14400.0,Festive Felon,Noel Meade,Paul Carberry,50/1,51.0,7,11-12,166,,,23.0,86.0,Gold Well (GB),Takara (IRE),Shernazar,0
RID1852-IE-14,2014-11-23,Navan,1:55,Irish Stallion Farms European Breeders Fund Beginners Chase,,4yo+,17.0,3400,Soft,14,Chase,Even,11.0,2014.0,2014 - 11,16,14400.0,White Arm,A J Martin,A P Heskin,66/1,67.0,5,11-12,166,,,22.0,85.0,Turgeon (USA),White Consel (FR),Leading Counsel,0
RID1852-IE-14,2014-11-23,Navan,1:55,Irish Stallion Farms European Breeders Fund Beginners Chase,,4yo+,17.0,3400,Soft,14,Chase,Even,11.0,2014.0,2014 - 11,16,14400.0,Leighinmohr,I R Ferguson,Liam McKenna,66/1,67.0,7,11-5,159,,,17.0,82.0,Catcher In The Rye (IRE),Winning Sally (IRE),Lancastrian,0
RID1852-IE-14,2014-11-23,Navan,1:55,Irish Stallion Farms European Breeders Fund Beginners Chase,,4yo+,17.0,3400,Soft,14,Chase,Even,11.0,2014.0,2014 - 11,16,14400.0,Flaming Dawn,E J O'Grady,Niall P Madden,50/1,51.0,6,11-12,166,,,,70.0,Flemensfirth (USA),Saddlers Dawn (IRE),Saddlers' Hall,0
RID1852-IE-14,2014-11-23,Navan,1:55,Irish Stallion Farms European Breeders Fund Beginners Chase,,4yo+,17.0,3400,Soft,14,Chase,Even,11.0,2014.0,2014 - 11,16,14400.0,Divine Rhapsody,P J Rothwell,Brian O'Connell,66/1,67.0,8,11-12,166,,,,51.0,City Honours (USA),Cyrils Girle (IRE),Top Of The World,0
RID1852-IE-14,2014-11-23,Navan,1:55,Irish Stallion Farms European Breeders Fund Beginners Chase,,4yo+,17.0,3400,Soft,14,Chase,Even,11.0,2014.0,2014 - 11,16,14400.0,Capital Pursuit,Robert Tyner,Phillip Enright,66/1,67.0,5,11-12,166,,,,49.0,Beneficial (GB),Dare To Venture (IRE),Darazari,0
RID1852-IE-14,2014-11-23,Navan,1:55,Irish Stallion Farms European Breeders Fund Beginners Chase,,4yo+,17.0,3400,Soft,14,Chase,Even,11.0,2014.0,2014 - 11,16,14400.0,Ardmillan,S R B Crawford,Robbie Colgan,100/1,101.0,6,11-12,166,,,,38.0,Golan (IRE),Black Gayle (IRE),Strong Gale,0
RID1853-IE-14,2014-11-23,Navan,3:25,ITBA Fillies Scheme European Breeders Fund Mares INH Flat Race,Listed,4-7yo F,16.0,3200,Soft,14,Bumper,Even,11.0,2014.0,2014 - 11,15,33600.0,Lyrical Theatre,W P Mullins,Mr P W Mullins,11/8F,2.38,5,11-9,163,,,56.0,124.0,King's Theatre (IRE),Shuil Dorcha (IRE),Bob Back,1
RID1853-IE-14,2014-11-23,Navan,3:25,ITBA Fillies Scheme European Breeders Fund Mares INH Flat Race,Listed,4-7yo F,16.0,3200,Soft,14,Bumper,Even,11.0,2014.0,2014 - 11,15,33600.0,Twentytwo's Taken,S R B Crawford,Mr S Crawford,7/4,2.75,6,11-9,163,,,45.0,112.0,King's Theatre (IRE),Persian Desert (IRE),Persian Mews,0
RID1853-IE-14,2014-11-23,Navan,3:25,ITBA Fillies Scheme European Breeders Fund Mares INH Flat Race,Listed,4-7yo F,16.0,3200,Soft,14,Bumper,Even,11.0,2014.0,2014 - 11,15,33600.0,Ma Garrett,John W Nicholson,David Mullins,50/1,51.0,4,10-13,153,,,33.0,101.0,Mahler (GB),Supreme Matriarch (IRE),Supreme Leader,0
RID1853-IE-14,2014-11-23,Navan,3:25,ITBA Fillies Scheme European Breeders Fund Mares INH Flat Race,Listed,4-7yo F,16.0,3200,Soft,14,Bumper,Even,11.0,2014.0,2014 - 11,15,33600.0,Star Counsel,Edmond Kent,Mr C Motherway,40/1,41.0,6,11-6,160,,,34.0,103.0,Overbury (IRE),Star Club (IRE),Bluebird,0
RID1853-IE-14,2014-11-23,Navan,3:25,ITBA Fillies Scheme European Breeders Fund Mares INH Flat Race,Listed,4-7yo F,16.0,3200,Soft,14,Bumper,Even,11.0,2014.0,2014 - 11,15,33600.0,Emcon,W J Austin,Miss J M Mangan,25/1,26.0,5,11-6,160,,,32.0,101.0,Vinnie Roe (IRE),So Supreme (IRE),Supreme Leader,0
RID1853-IE-14,2014-11-23,Navan,3:25,ITBA Fillies Scheme European Breeders Fund Mares INH Flat Race,Listed,4-7yo F,16.0,3200,Soft,14,Bumper,Even,11.0,2014.0,2014 - 11,15,33600.0,Jennys Melody,Benjamin Arthey,Niall Kelly,50/1,51.0,5,11-6,160,h,,30.0,100.0,Gamut (IRE),Pharaway Stream (IRE),Phardante,0
RID1853-IE-14,2014-11-23,Navan,3:25,ITBA Fillies Scheme European Breeders Fund Mares INH Flat Race,Listed,4-7yo F,16.0,3200,Soft,14,Bumper,Even,11.0,2014.0,2014 - 11,15,33600.0,Bonny Kate,Noel Meade,Ms N Carberry,6/1,7.0,4,10-13,153,,,15.0,87.0,Beneficial (GB),Peppardstown (IRE),Old Vic,0
RID1853-IE-14,2014-11-23,Navan,3:25,ITBA Fillies Scheme European Breeders Fund Mares INH Flat Race,Listed,4-7yo F,16.0,3200,Soft,14,Bumper,Even,11.0,2014.0,2014 - 11,15,33600.0,Arise And Go Now,Edward Cawley,Mr J E Flynn,66/1,67.0,6,11-2,156,t,,13.0,86.0,Golan (IRE),Eljaybee (IRE),Mandalus,0
RID1853-IE-14,2014-11-23,Navan,3:25,ITBA Fillies Scheme European Breeders Fund Mares INH Flat Race,Listed,4-7yo F,16.0,3200,Soft,14,Bumper,Even,11.0,2014.0,2014 - 11,15,33600.0,Josephine Marcus,Noel Meade,Mr J P McKeown,20/1,21.0,4,11-3,157,,,10.0,84.0,Flemensfirth (USA),Tart Of Tipp (IRE),Saddlers' Hall,0
RID1853-IE-14,2014-11-23,Navan,3:25,ITBA Fillies Scheme European Breeders Fund Mares INH Flat Race,Listed,4-7yo F,16.0,3200,Soft,14,Bumper,Even,11.0,2014.0,2014 - 11,15,33600.0,Selective Hearing,Paul Nolan,Mr R P Quinlan,66/1,67.0,5,11-2,156,,,7.0,81.0,Flemensfirth (USA),Accordeon Royale (IRE),Accordion,0
RID1853-IE-14,2014-11-23,Navan,3:25,ITBA Fillies Scheme European Breeders Fund Mares INH Flat Race,Listed,4-7yo F,16.0,3200,Soft,14,Bumper,Even,11.0,2014.0,2014 - 11,15,33600.0,I'm All You Need,Paul Nolan,Mr Finian Maguire,33/1,34.0,4,10-13,153,,,,70.0,King's Theatre (IRE),Jolie Landaise (FR),Beaudelaire,0
RID1853-IE-14,2014-11-23,Navan,3:25,ITBA Fillies Scheme European Breeders Fund Mares INH Flat Race,Listed,4-7yo F,16.0,3200,Soft,14,Bumper,Even,11.0,2014.0,2014 - 11,15,33600.0,The Tinker Molly,Colin Bowe,Mr D G Lavery,50/1,51.0,6,11-2,156,,,,66.0,Flemensfirth (USA),Titian Blonde (IRE),Callernish,0
RID1853-IE-14,2014-11-23,Navan,3:25,ITBA Fillies Scheme European Breeders Fund Mares INH Flat Race,Listed,4-7yo F,16.0,3200,Soft,14,Bumper,Even,11.0,2014.0,2014 - 11,15,33600.0,Killultagh Sarah,C A McBratney,Mr N McParlan,33/1,34.0,6,11-2,156,,,,65.0,Definite Article (GB),Killultagh Dawn (IRE),Phardante,0
RID1853-IE-14,2014-11-23,Navan,3:25,ITBA Fillies Scheme European Breeders Fund Mares INH Flat Race,Listed,4-7yo F,16.0,3200,Soft,14,Bumper,Even,11.0,2014.0,2014 - 11,15,33600.0,Side Saddle,Ms Sandra Hughes,Mr J J King,14/1,15.0,4,10-13,153,,,,58.0,King's Theatre (IRE),Steel Grey Lady (IRE),Roselier,0
RID1853-IE-14,2014-11-23,Navan,3:25,ITBA Fillies Scheme European Breeders Fund Mares INH Flat Race,Listed,4-7yo F,16.0,3200,Soft,14,Bumper,Even,11.0,2014.0,2014 - 11,15,33600.0,Belle Of The Moor,Mrs John Harrington,Miss K Harrington,16/1,17.0,5,11-2,156,,,,60.0,King's Theatre (IRE),Tempest Belle (IRE),Glacial Storm,0
RID1854-IE-14,2014-11-23,Navan,2:25,Ladbrokes Troytown Handicap Chase,0-150,4yo+,24.0,4800,Soft,14,Chase,Handicap,11.0,2014.0,2014 - 11,25,94000.0,Balbriggan,Gordon Elliott,Kevin Sexton,4/1F,5.0,7,9-13,139,t,121.0,60.0,134.0,King's Theatre (IRE),Halfway Home (GB),Presenting,1
RID1854-IE-14,2014-11-23,Navan,2:25,Ladbrokes Troytown Handicap Chase,0-150,4yo+,24.0,4800,Soft,14,Chase,Handicap,11.0,2014.0,2014 - 11,25,94000.0,Owega Star,Peter Fahey,Davy Russell,12/1,13.0,7,11-0,154,t,134.0,70.0,144.0,Basanta (IRE),Los Monteros (IRE),College Chapel,0
RID1854-IE-14,2014-11-23,Navan,2:25,Ladbrokes Troytown Handicap Chase,0-150,4yo+,24.0,4800,Soft,14,Chase,Handicap,11.0,2014.0,2014 - 11,25,94000.0,Groody Hill,C Roche,Jody McGarvey,8/1,9.0,8,10-4,144,tp,127.0,63.0,137.0,Alderbrook (GB),Secret Leave (GB),Long Leave,0
RID1854-IE-14,2014-11-23,Navan,2:25,Ladbrokes Troytown Handicap Chase,0-150,4yo+,24.0,4800,Soft,14,Chase,Handicap,11.0,2014.0,2014 - 11,25,94000.0,Back Off Mate,A L T Moore,D J Casey,9/1,10.0,6,10-2,142,,122.0,54.0,128.0,Old Vic (GB),Flyhalf (IRE),Be My Native,0
RID1854-IE-14,2014-11-23,Navan,2:25,Ladbrokes Troytown Handicap Chase,0-150,4yo+,24.0,4800,Soft,14,Chase,Handicap,11.0,2014.0,2014 - 11,25,94000.0,Vasco Du Mee,Gordon Elliott,Robbie Colgan,20/1,21.0,5,10-3,143,tb,125.0,55.0,128.0,Goldneyev (USA),British Nellerie (FR),Le Pontet,0
RID1854-IE-14,2014-11-23,Navan,2:25,Ladbrokes Troytown Handicap Chase,0-150,4yo+,24.0,4800,Soft,14,Chase,Handicap,11.0,2014.0,2014 - 11,25,94000.0,My Murphy,W J Burke,Robbie Power,16/1,17.0,8,11-7,161,,141.0,73.0,146.0,Presenting (GB),Fine De Claire (GB),Teenoso,0
RID1854-IE-14,2014-11-23,Navan,2:25,Ladbrokes Troytown Handicap Chase,0-150,4yo+,24.0,4800,Soft,14,Chase,Handicap,11.0,2014.0,2014 - 11,25,94000.0,Pandorama,Noel Meade,Paul Carberry,16/1,17.0,11,11-2,156,,136.0,61.0,134.0,Flemensfirth (USA),Gretchen's Castle (IRE),Carlingford Castle,0
RID1854-IE-14,2014-11-23,Navan,2:25,Ladbrokes Troytown Handicap Chase,0-150,4yo+,24.0,4800,Soft,14,Chase,Handicap,11.0,2014.0,2014 - 11,25,94000.0,Colbert Station,T M Walsh,Niall P Madden,33/1,34.0,10,11-7,161,t,141.0,66.0,138.0,Witness Box (USA),Laurenca's Girl (IRE),Commanche Run,0
RID1854-IE-14,2014-11-23,Navan,2:25,Ladbrokes Troytown Handicap Chase,0-150,4yo+,24.0,4800,Soft,14,Chase,Handicap,11.0,2014.0,2014 - 11,25,94000.0,Nearly Nama'd,Ms Sandra Hughes,Mark Walsh,16/1,17.0,6,10-9,149,h,129.0,54.0,126.0,Millenary (GB),Coca's Well (IRE),Religiously,0
RID1854-IE-14,2014-11-23,Navan,2:25,Ladbrokes Troytown Handicap Chase,0-150,4yo+,24.0,4800,Soft,14,Chase,Handicap,11.0,2014.0,2014 - 11,25,94000.0,Subtle Ben,Miss Elizabeth Doyle,Brian O'Connell,20/1,21.0,7,10-5,145,,125.0,48.0,120.0,Subtle Power (IRE),Benfrasea (IRE),Beneficial,0
RID1854-IE-14,2014-11-23,Navan,2:25,Ladbrokes Troytown Handicap Chase,0-150,4yo+,24.0,4800,Soft,14,Chase,Handicap,11.0,2014.0,2014 - 11,25,94000.0,He'llberemembered,P G Fahey,Jonathan Burke,20/1,21.0,11,11-1,155,,138.0,59.0,131.0,Blue Ocean (USA),Remember Rob (IRE),Deep Society,0
RID1854-IE-14,2014-11-23,Navan,2:25,Ladbrokes Troytown Handicap Chase,0-150,4yo+,24.0,4800,Soft,14,Chase,Handicap,11.0,2014.0,2014 - 11,25,94000.0,Dogora,W P Mullins,R Walsh,16/1,17.0,5,11-3,157,,139.0,57.0,129.0,Robin Des Pres (FR),Garde De Nuit (FR),Courtroom,0
RID1854-IE-14,2014-11-23,Navan,2:25,Ladbrokes Troytown Handicap Chase,0-150,4yo+,24.0,4800,Soft,14,Chase,Handicap,11.0,2014.0,2014 - 11,25,94000.0,Benemeade,Noel Meade,Ger Fox,25/1,26.0,6,10-4,144,,129.0,41.0,112.0,Beneficial (GB),Millicent Bridge (IRE),Over The River,0
RID1854-IE-14,2014-11-23,Navan,2:25,Ladbrokes Troytown Handicap Chase,0-150,4yo+,24.0,4800,Soft,14,Chase,Handicap,11.0,2014.0,2014 - 11,25,94000.0,Bose Ikard,Noel Meade,Denis O'Regan,16/1,17.0,6,10-4,144,p,124.0,35.0,106.0,Brian Boru (GB),Dolldyedee (IRE),Torus,0
RID1854-IE-14,2014-11-23,Navan,2:25,Ladbrokes Troytown Handicap Chase,0-150,4yo+,24.0,4800,Soft,14,Chase,Handicap,11.0,2014.0,2014 - 11,25,94000.0,Living Next Door,A J Martin,Barry Geraghty,10/1,11.0,8,10-11,151,,131.0,38.0,109.0,Beneficial (GB),Except Alice (IRE),Orchestra,0
RID1854-IE-14,2014-11-23,Navan,2:25,Ladbrokes Troytown Handicap Chase,0-150,4yo+,24.0,4800,Soft,14,Chase,Handicap,11.0,2014.0,2014 - 11,25,94000.0,Shamiran,Rodger Sweeney,David Splaine,33/1,34.0,9,10-0,140,b,123.0,23.0,93.0,Polish Precedent (USA),Sharemata (IRE),Doyoun,0
RID1854-IE-14,2014-11-23,Navan,2:25,Ladbrokes Troytown Handicap Chase,0-150,4yo+,24.0,4800,Soft,14,Chase,Handicap,11.0,2014.0,2014 - 11,25,94000.0,Chicago Grey,Gordon Elliott,Keith Donoghue,25/1,26.0,11,11-3,157,tb,137.0,22.0,91.0,Luso (GB),Carrigeen Acer (IRE),Lord Americo,0
RID1854-IE-14,2014-11-23,Navan,2:25,Ladbrokes Troytown Handicap Chase,0-150,4yo+,24.0,4800,Soft,14,Chase,Handicap,11.0,2014.0,2014 - 11,25,94000.0,Rough Justice,W P Mullins,Paul Townend,20/1,21.0,6,10-10,150,,130.0,,40.0,Beneficial (GB),Ringzar (IRE),Shernazar,0
RID1855-IE-14,2014-11-23,Navan,12:55,Monksfield Novice Hurdle,Grade 2,4yo+,20.0,4000,Soft,14,Hurdle,Even,11.0,2014.0,2014 - 11,7,36000.0,Free Expression,Gordon Elliott,Mark Walsh,11/10F,2.1,5,11-3,157,,,118.0,141.0,Germany (USA),Create A Storm (IRE),Bob Back,1
RID1855-IE-14,2014-11-23,Navan,12:55,Monksfield Novice Hurdle,Grade 2,4yo+,20.0,4000,Soft,14,Hurdle,Even,11.0,2014.0,2014 - 11,7,36000.0,Shantou Flyer,Colin Bowe,Andrew J McNamara,40/1,41.0,4,10-13,153,t,118.0,113.0,136.0,Shantou (USA),Carrigmorna Flyer (IRE),Bob Back,0
RID1855-IE-14,2014-11-23,Navan,12:55,Monksfield Novice Hurdle,Grade 2,4yo+,20.0,4000,Soft,14,Hurdle,Even,11.0,2014.0,2014 - 11,7,36000.0,Rock The World,Mrs John Harrington,Barry Geraghty,15/2,8.5,6,11-3,157,t,123.0,112.0,136.0,Orpen (USA),Sue N Win (IRE),Beneficial,0
RID1855-IE-14,2014-11-23,Navan,12:55,Monksfield Novice Hurdle,Grade 2,4yo+,20.0,4000,Soft,14,Hurdle,Even,11.0,2014.0,2014 - 11,7,36000.0,Kauto Grand Mogol,Miss Elizabeth Doyle,Brian O'Connell,15/2,8.5,6,11-3,157,,,99.0,121.0,Priolo (USA),Kauto Relka (FR),Port Etienne,0
RID1855-IE-14,2014-11-23,Navan,12:55,Monksfield Novice Hurdle,Grade 2,4yo+,20.0,4000,Soft,14,Hurdle,Even,11.0,2014.0,2014 - 11,7,36000.0,Fort Smith,Gordon Elliott,B J Cooper,20/1,21.0,5,11-3,157,tb,123.0,95.0,119.0,Presenting (GB),Land Of Honour (GB),Supreme Leader,0
RID1855-IE-14,2014-11-23,Navan,12:55,Monksfield Novice Hurdle,Grade 2,4yo+,20.0,4000,Soft,14,Hurdle,Even,11.0,2014.0,2014 - 11,7,36000.0,Sang Tiger,J J Lambe,Paul Townend,22/1,23.0,6,11-3,157,,127.0,94.0,116.0,Konigstiger (GER),Sang Sun (GER),Monsun,0
RID1856-IE-14,2014-11-23,Navan,1:25,Navan Race Membership Club Now Available Handicap Hurdle,80-109,4yo+,16.0,3200,Soft,14,Hurdle,Handicap,11.0,2014.0,2014 - 11,22,9600.0,Glenquest,S R B Crawford,Barry Geraghty,11/2,6.5,11,11-9,163,,106.0,87.0,122.0,Turtle Island (IRE),Solar Quest (IRE),King's Ride,1
RID1856-IE-14,2014-11-23,Navan,1:25,Navan Race Membership Club Now Available Handicap Hurdle,80-109,4yo+,16.0,3200,Soft,14,Hurdle,Handicap,11.0,2014.0,2014 - 11,22,9600.0,Moreece,Timothy Doyle,Martin Burke,50/1,51.0,5,10-13,153,,103.0,81.0,115.0,Chevalier (IRE),Jumbo Romance (IRE),Tagula,0
RID1856-IE-14,2014-11-23,Navan,1:25,Navan Race Membership Club Now Available Handicap Hurdle,80-109,4yo+,16.0,3200,Soft,14,Hurdle,Handicap,11.0,2014.0,2014 - 11,22,9600.0,Balkinstown,F Flood,Mark Walsh,15/2,8.5,4,11-1,155,,101.0,75.0,110.0,Westerner (GB),Graffogue (IRE),Red Sunset,0
RID1856-IE-14,2014-11-23,Navan,1:25,Navan Race Membership Club Now Available Handicap Hurdle,80-109,4yo+,16.0,3200,Soft,14,Hurdle,Handicap,11.0,2014.0,2014 - 11,22,9600.0,Zigger Zagger,Noel Meade,Paul Carberry,9/2F,5.5,5,11-5,159,h,102.0,75.0,111.0,Mountain High (IRE),Main Suspect (IRE),Be My Native,0
RID1856-IE-14,2014-11-23,Navan,1:25,Navan Race Membership Club Now Available Handicap Hurdle,80-109,4yo+,16.0,3200,Soft,14,Hurdle,Handicap,11.0,2014.0,2014 - 11,22,9600.0,Holeinthewall Bar,Michael Hourigan,Andrew J McNamara,16/1,17.0,6,11-8,162,,105.0,77.0,113.0,Westerner (GB),Cockpit Lady (IRE),Commanche Run,0
RID1856-IE-14,2014-11-23,Navan,1:25,Navan Race Membership Club Now Available Handicap Hurdle,80-109,4yo+,16.0,3200,Soft,14,Hurdle,Handicap,11.0,2014.0,2014 - 11,22,9600.0,Luddsdenene,Gordon Elliott,B J Cooper,17/2,9.5,9,11-10,164,t,107.0,77.0,113.0,Beneficial (GB),Kilcowan (IRE),Beau Sher,0
RID1856-IE-14,2014-11-23,Navan,1:25,Navan Race Membership Club Now Available Handicap Hurdle,80-109,4yo+,16.0,3200,Soft,14,Hurdle,Handicap,11.0,2014.0,2014 - 11,22,9600.0,Obispo,C A McBratney,A P Heskin,15/2,8.5,8,10-8,148,h,91.0,59.0,96.0,Bishop Of Cashel (GB),Supreme Sensation (IRE),Supreme Leader,0
RID1856-IE-14,2014-11-23,Navan,1:25,Navan Race Membership Club Now Available Handicap Hurdle,80-109,4yo+,16.0,3200,Soft,14,Hurdle,Handicap,11.0,2014.0,2014 - 11,22,9600.0,West Council,I Madden,Shane Shortall,33/1,34.0,9,9-7,133,p,81.0,47.0,85.0,Naheez (USA),Croi Na Ri (IRE),Broken Hearted,0
RID1856-IE-14,2014-11-23,Navan,1:25,Navan Race Membership Club Now Available Handicap Hurdle,80-109,4yo+,16.0,3200,Soft,14,Hurdle,Handicap,11.0,2014.0,2014 - 11,22,9600.0,Velocity Of Light,S R B Crawford,Ger Fox,33/1,34.0,5,10-6,146,,94.0,59.0,97.0,Kyllachy (GB),Irish Light (USA),Irish River,0
RID1856-IE-14,2014-11-23,Navan,1:25,Navan Race Membership Club Now Available Handicap Hurdle,80-109,4yo+,16.0,3200,Soft,14,Hurdle,Handicap,11.0,2014.0,2014 - 11,22,9600.0,Diesel Ten,Anthony McCann,Jonathan Moore,33/1,34.0,4,9-9,135,b,88.0,49.0,87.0,Refuse To Bend (IRE),Zoudie (GB),Ezzoud,0
RID1856-IE-14,2014-11-23,Navan,1:25,Navan Race Membership Club Now Available Handicap Hurdle,80-109,4yo+,16.0,3200,Soft,14,Hurdle,Handicap,11.0,2014.0,2014 - 11,22,9600.0,Inesperate,A J Martin,R Walsh,6/1,7.0,7,11-3,157,,100.0,62.0,100.0,Solon (GER),Irone (FR),Iron Duke,0
RID1856-IE-14,2014-11-23,Navan,1:25,Navan Race Membership Club Now Available Handicap Hurdle,80-109,4yo+,16.0,3200,Soft,14,Hurdle,Handicap,11.0,2014.0,2014 - 11,22,9600.0,Sultana Belle,S R B Crawford,Mr A J Fox,16/1,17.0,6,10-8,148,,98.0,57.0,96.0,Black Sam Bellamy (IRE),Sultana (GER),Law Society,0
RID1856-IE-14,2014-11-23,Navan,1:25,Navan Race Membership Club Now Available Handicap Hurdle,80-109,4yo+,16.0,3200,Soft,14,Hurdle,Handicap,11.0,2014.0,2014 - 11,22,9600.0,Moonunderwater,R Donohoe,Danny Mullins,25/1,26.0,7,10-1,141,,84.0,39.0,79.0,Norwich (GB),Roseaustin (IRE),Roselier,0
RID1856-IE-14,2014-11-23,Navan,1:25,Navan Race Membership Club Now Available Handicap Hurdle,80-109,4yo+,16.0,3200,Soft,14,Hurdle,Handicap,11.0,2014.0,2014 - 11,22,9600.0,Sin Miedo,Mrs John Harrington,Mark Bolger,14/1,15.0,4,11-7,161,p,107.0,50.0,92.0,Intikhab (USA),Xaviera (IRE),Xaar,0
RID1856-IE-14,2014-11-23,Navan,1:25,Navan Race Membership Club Now Available Handicap Hurdle,80-109,4yo+,16.0,3200,Soft,14,Hurdle,Handicap,11.0,2014.0,2014 - 11,22,9600.0,Rebel Laker,Patrick Martin,Mr D J Benson,14/1,15.0,5,11-0,154,h,102.0,45.0,88.0,Brian Boru (GB),Leixlip Belle (IRE),Camden Town,0
RID1856-IE-14,2014-11-23,Navan,1:25,Navan Race Membership Club Now Available Handicap Hurdle,80-109,4yo+,16.0,3200,Soft,14,Hurdle,Handicap,11.0,2014.0,2014 - 11,22,9600.0,Oscar Fiain,J F Levins,Andrew Ring,20/1,21.0,6,11-5,159,,109.0,49.0,93.0,Oscar (IRE),Produzione (FR),Baby Turk,0
RID1856-IE-14,2014-11-23,Navan,1:25,Navan Race Membership Club Now Available Handicap Hurdle,80-109,4yo+,16.0,3200,Soft,14,Hurdle,Handicap,11.0,2014.0,2014 - 11,22,9600.0,Salacious Sally,Donal Kinsella,Robbie Colgan,50/1,51.0,5,9-11,137,p,80.0,19.0,63.0,Excellent Art (GB),Highindi (GB),Montjeu,0
RID1856-IE-14,2014-11-23,Navan,1:25,Navan Race Membership Club Now Available Handicap Hurdle,80-109,4yo+,16.0,3200,Soft,14,Hurdle,Handicap,11.0,2014.0,2014 - 11,22,9600.0,Mclaren Vale,D M Christie,Ian McCarthy,33/1,34.0,6,10-8,148,,91.0,9.0,59.0,Darsi (FR),Lunar Approach (IRE),Mandalus,0
RID1856-IE-14,2014-11-23,Navan,1:25,Navan Race Membership Club Now Available Handicap Hurdle,80-109,4yo+,16.0,3200,Soft,14,Hurdle,Handicap,11.0,2014.0,2014 - 11,22,9600.0,Seader,J J Lambe,Liam McKenna,40/1,41.0,9,11-0,154,,104.0,22.0,71.0,Mr Greeley (USA),Evangel (USA),Danzig,0
RID1856-IE-14,2014-11-23,Navan,1:25,Navan Race Membership Club Now Available Handicap Hurdle,80-109,4yo+,16.0,3200,Soft,14,Hurdle,Handicap,11.0,2014.0,2014 - 11,22,9600.0,Myblueeyedgirl,Mrs Gillian Callaghan,Keith Donoghue,25/1,26.0,6,11-5,159,t,102.0,,42.0,Milan (GB),Needle Doll (IRE),Needle Gun,0
RID1856-IE-14,2014-11-23,Navan,1:25,Navan Race Membership Club Now Available Handicap Hurdle,80-109,4yo+,16.0,3200,Soft,14,Hurdle,Handicap,11.0,2014.0,2014 - 11,22,9600.0,Knockea,Edward P Harty,Niall P Madden,33/1,34.0,4,10-2,142,t,88.0,,21.0,Alhaarth (IRE),Muluk (IRE),Rainbow Quest,0
RID1856-IE-14,2014-11-23,Navan,1:25,Navan Race Membership Club Now Available Handicap Hurdle,80-109,4yo+,16.0,3200,Soft,14,Hurdle,Handicap,11.0,2014.0,2014 - 11,22,9600.0,Indian Whiskey,J A Nash,D J Casey,50/1,51.0,6,10-11,151,,94.0,,,Windsor Castle (GB),Caslain Nua (GB),Seymour Hicks,0
RID1857-IE-14,2014-11-23,Navan,2:55,Proudstown Handicap Hurdle,Grade C,4yo+,23.0,4600,Soft,14,Hurdle,Handicap,11.0,2014.0,2014 - 11,14,28800.0,Pencilhimin,Norman Cassidy,Mr D J Benson,20/1,21.0,9,9-13,139,t,115.0,61.0,135.0,Presenting (GB),Una Juna (IRE),Good Thyne,1
RID1857-IE-14,2014-11-23,Navan,2:55,Proudstown Handicap Hurdle,Grade C,4yo+,23.0,4600,Soft,14,Hurdle,Handicap,11.0,2014.0,2014 - 11,14,28800.0,Gallant Oscar,A J Martin,R Walsh,11/8F,2.38,8,10-4,144,,115.0,60.0,134.0,Oscar (IRE),Park Wave (IRE),Supreme Leader,0
RID1857-IE-14,2014-11-23,Navan,2:55,Proudstown Handicap Hurdle,Grade C,4yo+,23.0,4600,Soft,14,Hurdle,Handicap,11.0,2014.0,2014 - 11,14,28800.0,Burning Issues,Thomas James,M P Fogarty,7/1,8.0,7,10-3,143,,114.0,54.0,127.0,Gold Well (GB),Jillie James (GB),The Parson,0
RID1857-IE-14,2014-11-23,Navan,2:55,Proudstown Handicap Hurdle,Grade C,4yo+,23.0,4600,Soft,14,Hurdle,Handicap,11.0,2014.0,2014 - 11,14,28800.0,The Crafty Butcher,Michael Hourigan,Ger Fox,25/1,26.0,7,11-5,159,,135.0,72.0,145.0,Vinnie Roe (IRE),Ivy Queen (IRE),Green Desert,0
RID1857-IE-14,2014-11-23,Navan,2:55,Proudstown Handicap Hurdle,Grade C,4yo+,23.0,4600,Soft,14,Hurdle,Handicap,11.0,2014.0,2014 - 11,14,28800.0,Foxrock,T M Walsh,A P Heskin,8/1,9.0,6,11-3,157,,128.0,65.0,137.0,Flemensfirth (USA),Midnight Light (IRE),Roselier,0
RID1857-IE-14,2014-11-23,Navan,2:55,Proudstown Handicap Hurdle,Grade C,4yo+,23.0,4600,Soft,14,Hurdle,Handicap,11.0,2014.0,2014 - 11,14,28800.0,Mini Vic,Miss Elizabeth Doyle,Andrew Ring,25/1,26.0,10,9-3,129,t,107.0,44.0,116.0,Old Vic (GB),River Of Peace (IRE),Over The River,0
RID1857-IE-14,2014-11-23,Navan,2:55,Proudstown Handicap Hurdle,Grade C,4yo+,23.0,4600,Soft,14,Hurdle,Handicap,11.0,2014.0,2014 - 11,14,28800.0,Hazariban,Seamus Fahey,Kevin Sexton,16/1,17.0,5,10-13,153,t,127.0,62.0,134.0,Kahyasi (IRE),Hazarista (IRE),Barathea,0
RID1857-IE-14,2014-11-23,Navan,2:55,Proudstown Handicap Hurdle,Grade C,4yo+,23.0,4600,Soft,14,Hurdle,Handicap,11.0,2014.0,2014 - 11,14,28800.0,Man With Van,S R B Crawford,A E Lynch,10/1,11.0,8,11-7,161,p,132.0,45.0,115.0,Milan (GB),Delibonne (IRE),Erdelistan,0
RID1857-IE-14,2014-11-23,Navan,2:55,Proudstown Handicap Hurdle,Grade C,4yo+,23.0,4600,Soft,14,Hurdle,Handicap,11.0,2014.0,2014 - 11,14,28800.0,Silver Tassie,Noel Meade,Paul Carberry,14/1,15.0,6,10-13,153,,124.0,30.0,100.0,Shantou (USA),Silver Castor (IRE),Indian Ridge,0
RID1857-IE-14,2014-11-23,Navan,2:55,Proudstown Handicap Hurdle,Grade C,4yo+,23.0,4600,Soft,14,Hurdle,Handicap,11.0,2014.0,2014 - 11,14,28800.0,Tulsa Jack,Noel Meade,Denis O'Regan,20/1,21.0,5,10-6,146,b,117.0,23.0,92.0,Urban Ocean (FR),Jessica's Pet (IRE),King's Ride,0
RID1857-IE-14,2014-11-23,Navan,2:55,Proudstown Handicap Hurdle,Grade C,4yo+,23.0,4600,Soft,14,Hurdle,Handicap,11.0,2014.0,2014 - 11,14,28800.0,Realt Mor,Gordon Elliott,Davy Russell,6/1,7.0,9,11-2,156,,127.0,28.0,98.0,Beneficial (GB),Suez Canal (FR),Exit To Nowhere,0
RID1857-IE-14,2014-11-23,Navan,2:55,Proudstown Handicap Hurdle,Grade C,4yo+,23.0,4600,Soft,14,Hurdle,Handicap,11.0,2014.0,2014 - 11,14,28800.0,Quantitativeeasing,E Bolger,Niall P Madden,66/1,67.0,9,11-2,156,,127.0,,72.0,Anshan (GB),Mazuma (IRE),Mazaad,0
RID1857-IE-14,2014-11-23,Navan,2:55,Proudstown Handicap Hurdle,Grade C,4yo+,23.0,4600,Soft,14,Hurdle,Handicap,11.0,2014.0,2014 - 11,14,28800.0,Archie Meade,Daniel John Howard,Daniel Howard,50/1,51.0,9,10-13,153,tp,124.0,,,Beneficial (GB),Polar Charm (IRE),Supreme Leader,0
RID2772-GB-14,2014-11-23,Exeter,2:05,Bathwick Tyres Barnstaple Handicap Chase,0-125,4yo+,24.0,4800,Heavy,14,Chase,Handicap,11.0,2014.0,2014 - 11,7,16767.613636363636,Russe Blanc,Richard Lee,Charlie Poste,6/1,7.0,7,10-11,151,p,108.0,108.0,116.0,Machiavellian Tsar (FR),Fleur De Mad (FR),Maiymad,1
RID2772-GB-14,2014-11-23,Exeter,2:05,Bathwick Tyres Barnstaple Handicap Chase,0-125,4yo+,24.0,4800,Heavy,14,Chase,Handicap,11.0,2014.0,2014 - 11,7,16767.613636363636,Roll The Dice,Philip Hobbs,Richard Johnson,5/1,6.0,8,10-10,150,,107.0,106.0,116.0,Oscar (IRE),Sallowglen Gale (IRE),Strong Gale,0
RID2772-GB-14,2014-11-23,Exeter,2:05,Bathwick Tyres Barnstaple Handicap Chase,0-125,4yo+,24.0,4800,Heavy,14,Chase,Handicap,11.0,2014.0,2014 - 11,7,16767.613636363636,Big Society,Tom George,Paddy Brennan,11/4J,3.75,8,11-12,166,,123.0,121.0,129.0,Flemensfirth (USA),Choice Of Kings (IRE),King's Ride,0
RID2772-GB-14,2014-11-23,Exeter,2:05,Bathwick Tyres Barnstaple Handicap Chase,0-125,4yo+,24.0,4800,Heavy,14,Chase,Handicap,11.0,2014.0,2014 - 11,7,16767.613636363636,Midnight Lira,Caroline Keevil,James Best,10/1,11.0,7,11-2,156,,113.0,59.0,60.0,Midnight Legend (GB),Bally Lira (GB),Lir,0
RID2773-GB-14,2014-11-23,Exeter,1:05,Bathwick Tyres Bideford Handicap Hurdle,0-100,3yo+,21.5,4300,Heavy,14,Hurdle,Handicap,11.0,2014.0,2014 - 11,9,3912.443181818182,Bredon Hill Lad,Sue Gardner,Lucy Gardner,9/4F,3.25,7,10-11,151,,90.0,50.0,98.0,Kirkwall (GB),Persian Clover (GB),Abutammam,1
RID2773-GB-14,2014-11-23,Exeter,1:05,Bathwick Tyres Bideford Handicap Hurdle,0-100,3yo+,21.5,4300,Heavy,14,Hurdle,Handicap,11.0,2014.0,2014 - 11,9,3912.443181818182,Legion D'Honneur,Chris Down,James Davies,8/1,9.0,9,11-9,163,t,97.0,57.0,101.0,Halling (USA),Renowned (IRE),Darshaan,0
RID2773-GB-14,2014-11-23,Exeter,1:05,Bathwick Tyres Bideford Handicap Hurdle,0-100,3yo+,21.5,4300,Heavy,14,Hurdle,Handicap,11.0,2014.0,2014 - 11,9,3912.443181818182,Unefille De Guye,Victor Dartnall,Giles Hawkins,7/2,4.5,6,9-12,138,ht,75.0,34.0,79.0,Voix Du Nord (FR),Mascotte De Guye (FR),Video Rock,0
RID2773-GB-14,2014-11-23,Exeter,1:05,Bathwick Tyres Bideford Handicap Hurdle,0-100,3yo+,21.5,4300,Heavy,14,Hurdle,Handicap,11.0,2014.0,2014 - 11,9,3912.443181818182,Aroseforoscar,Chris Down,Kieron Edgar,17/2,9.5,5,10-3,143,b,82.0,36.0,81.0,Oscar (IRE),Made For A King (GB),Roselier,0
RID2773-GB-14,2014-11-23,Exeter,1:05,Bathwick Tyres Bideford Handicap Hurdle,0-100,3yo+,21.5,4300,Heavy,14,Hurdle,Handicap,11.0,2014.0,2014 - 11,9,3912.443181818182,Brantingham Breeze,Emma Lavelle,Richie O'Dea,9/2,5.5,6,11-2,156,,100.0,52.0,96.0,Tamure (IRE),Absalom's Lady (GB),Absalom,0
RID2773-GB-14,2014-11-23,Exeter,1:05,Bathwick Tyres Bideford Handicap Hurdle,0-100,3yo+,21.5,4300,Heavy,14,Hurdle,Handicap,11.0,2014.0,2014 - 11,9,3912.443181818182,Warsaw Pact,Steven Dixon,Mr L Kilgarriff,20/1,21.0,11,10-3,143,,84.0,34.0,79.0,Polish Precedent (USA),Always Friendly (GB),High Line,0
RID2773-GB-14,2014-11-23,Exeter,1:05,Bathwick Tyres Bideford Handicap Hurdle,0-100,3yo+,21.5,4300,Heavy,14,Hurdle,Handicap,11.0,2014.0,2014 - 11,9,3912.443181818182,Mystic Appeal,Jeremy Scott,Nick Scholfield,12/1,13.0,8,11-11,165,p,99.0,35.0,80.0,Alderbrook (GB),Piseog (IRE),Pistolet Bleu,0
RID2773-GB-14,2014-11-23,Exeter,1:05,Bathwick Tyres Bideford Handicap Hurdle,0-100,3yo+,21.5,4300,Heavy,14,Hurdle,Handicap,11.0,2014.0,2014 - 11,9,3912.443181818182,Haverstock,Caroline Keevil,Mr Michael Legg,16/1,17.0,4,11-3,157,p,98.0,28.0,73.0,New Approach (IRE),Endorsement (GB),Warning,0
RID2773-GB-14,2014-11-23,Exeter,1:05,Bathwick Tyres Bideford Handicap Hurdle,0-100,3yo+,21.5,4300,Heavy,14,Hurdle,Handicap,11.0,2014.0,2014 - 11,9,3912.443181818182,Strategic Exit,Jimmy Frost,Tom Scudamore,25/1,26.0,6,10-0,140,,74.0,,13.0,Exit To Nowhere (USA),Penny's Crown (GB),Reprimand,0
RID2774-GB-14,2014-11-23,Exeter,3:35,Bathwick Tyres Bridgwater Novices' Hurdle,Class 4,4yo+,17.0,3400,Heavy,14,Hurdle,Even,11.0,2014.0,2014 - 11,10,5589.204545454545,Pull The Chord,Philip Hobbs,Richard Johnson,8/11F,1.73,4,10-12,152,,,80.0,109.0,St Jovite (USA),Gold Chord (IRE),Accordion,1
RID2774-GB-14,2014-11-23,Exeter,3:35,Bathwick Tyres Bridgwater Novices' Hurdle,Class 4,4yo+,17.0,3400,Heavy,14,Hurdle,Even,11.0,2014.0,2014 - 11,10,5589.204545454545,An Tarbh Og,Caroline Keevil,James Best,8/1,9.0,6,10-12,152,,,66.0,93.0,Fruits Of Love (USA),Finnuala Supreme (IRE),Supreme Leader,0
RID2774-GB-14,2014-11-23,Exeter,3:35,Bathwick Tyres Bridgwater Novices' Hurdle,Class 4,4yo+,17.0,3400,Heavy,14,Hurdle,Even,11.0,2014.0,2014 - 11,10,5589.204545454545,Tom Neary,Keiran Burke,Nick Scholfield,14/1,15.0,7,10-12,152,t,,63.0,90.0,Atraf (GB),La Fandango (IRE),Taufan,0
RID2774-GB-14,2014-11-23,Exeter,3:35,Bathwick Tyres Bridgwater Novices' Hurdle,Class 4,4yo+,17.0,3400,Heavy,14,Hurdle,Even,11.0,2014.0,2014 - 11,10,5589.204545454545,Dunnicks Skipper,Sue Gardner,Lucy Gardner,80/1,81.0,6,10-7,147,,,62.0,90.0,Pasternak (GB),Dunnicks Chance (GB),Greensmith,0
RID2774-GB-14,2014-11-23,Exeter,3:35,Bathwick Tyres Bridgwater Novices' Hurdle,Class 4,4yo+,17.0,3400,Heavy,14,Hurdle,Even,11.0,2014.0,2014 - 11,10,5589.204545454545,Mount Prospex,Tim Dennis,Kieron Edgar,25/1,26.0,5,10-7,147,,,62.0,91.0,Golan (IRE),No Blues (IRE),Orchestra,0
RID2774-GB-14,2014-11-23,Exeter,3:35,Bathwick Tyres Bridgwater Novices' Hurdle,Class 4,4yo+,17.0,3400,Heavy,14,Hurdle,Even,11.0,2014.0,2014 - 11,10,5589.204545454545,Dandy,Andrew Balding,Tom O'Brien,7/2,4.5,5,10-12,152,,,58.0,86.0,Nayef (USA),Diacada (GER),Cadeaux Genereux,0
RID2774-GB-14,2014-11-23,Exeter,3:35,Bathwick Tyres Bridgwater Novices' Hurdle,Class 4,4yo+,17.0,3400,Heavy,14,Hurdle,Even,11.0,2014.0,2014 - 11,10,5589.204545454545,Huntsmans Lady,Jimmy Frost,Bryony Frost,100/1,101.0,4,9-12,138,,,42.0,72.0,Shantou (USA),Falika (FR),Hero's Honor,0
RID2774-GB-14,2014-11-23,Exeter,3:35,Bathwick Tyres Bridgwater Novices' Hurdle,Class 4,4yo+,17.0,3400,Heavy,14,Hurdle,Even,11.0,2014.0,2014 - 11,10,5589.204545454545,Sangram,Jimmy Frost,Conor O'Farrell,40/1,41.0,7,10-12,152,,,21.0,57.0,Blueprint (IRE),Margeno's Fountain (IRE),Royal Fountain,0
RID2774-GB-14,2014-11-23,Exeter,3:35,Bathwick Tyres Bridgwater Novices' Hurdle,Class 4,4yo+,17.0,3400,Heavy,14,Hurdle,Even,11.0,2014.0,2014 - 11,10,5589.204545454545,Happy Occasion,Alexandra Dunn,Adam Wedge,100/1,101.0,4,10-5,145,,,,20.0,Apple Tree (FR),Girl Of Pleasure (IRE),Namaqualand,0
RID2775-GB-14,2014-11-23,Exeter,4:05,Bathwick Tyres Conditional Jockeys' Handicap Hurdle,0-110,3yo+,17.0,3400,Heavy,14,Hurdle,Handicap,11.0,2014.0,2014 - 11,8,5589.204545454545,Thundering Home,Richard Mitchell,Tom Bellamy,7/1,8.0,7,11-10,164,t,106.0,109.0,112.0,Storming Home (GB),Citrine Spirit (IRE),Soviet Star,1
RID2775-GB-14,2014-11-23,Exeter,4:05,Bathwick Tyres Conditional Jockeys' Handicap Hurdle,0-110,3yo+,17.0,3400,Heavy,14,Hurdle,Handicap,11.0,2014.0,2014 - 11,8,5589.204545454545,Kozmina Bay,Bernard Llewellyn,Robert Williams,9/1,10.0,5,9-12,138,b,83.0,84.0,87.0,Notnowcato (GB),Kozmina (IRE),Sadler's Wells,0
RID2775-GB-14,2014-11-23,Exeter,4:05,Bathwick Tyres Conditional Jockeys' Handicap Hurdle,0-110,3yo+,17.0,3400,Heavy,14,Hurdle,Handicap,11.0,2014.0,2014 - 11,8,5589.204545454545,Xaarcet,Colin Tizzard,Paul O'Brien,5/4F,2.25,7,10-11,151,,101.0,94.0,98.0,Xaar (GB),Anoukit (GB),Green Desert,0
RID2775-GB-14,2014-11-23,Exeter,4:05,Bathwick Tyres Conditional Jockeys' Handicap Hurdle,0-110,3yo+,17.0,3400,Heavy,14,Hurdle,Handicap,11.0,2014.0,2014 - 11,8,5589.204545454545,Just Spot,Kevin Bishop,James Best,10/1,11.0,7,11-4,158,t,100.0,93.0,98.0,Baryshnikov (AUS),Just Jasmine (GB),Nicholas Bill,0
RID2775-GB-14,2014-11-23,Exeter,4:05,Bathwick Tyres Conditional Jockeys' Handicap Hurdle,0-110,3yo+,17.0,3400,Heavy,14,Hurdle,Handicap,11.0,2014.0,2014 - 11,8,5589.204545454545,Jigsaw Financial,Laura Young,Matt Griffiths,5/1,6.0,8,11-0,154,,96.0,87.0,91.0,Brian Boru (GB),Ardcolm Cailin (IRE),Beneficial,0
RID2775-GB-14,2014-11-23,Exeter,4:05,Bathwick Tyres Conditional Jockeys' Handicap Hurdle,0-110,3yo+,17.0,3400,Heavy,14,Hurdle,Handicap,11.0,2014.0,2014 - 11,8,5589.204545454545,Piano Concerto,Sophie Leech,Killian Moore,8/1,9.0,7,10-12,152,t,97.0,79.0,85.0,Red Ransom (USA),Storm Song (USA),Summer Squall,0
RID2775-GB-14,2014-11-23,Exeter,4:05,Bathwick Tyres Conditional Jockeys' Handicap Hurdle,0-110,3yo+,17.0,3400,Heavy,14,Hurdle,Handicap,11.0,2014.0,2014 - 11,8,5589.204545454545,Crouching Harry,Anabel K Murphy,Conor Shoemark,25/1,26.0,5,11-12,166,p,108.0,89.0,95.0,Tiger Hill (IRE),Catwalk Dreamer (IRE),Acatenango,0
RID2775-GB-14,2014-11-23,Exeter,4:05,Bathwick Tyres Conditional Jockeys' Handicap Hurdle,0-110,3yo+,17.0,3400,Heavy,14,Hurdle,Handicap,11.0,2014.0,2014 - 11,8,5589.204545454545,Bedouin Bay,Johnny Farrelly,Kieron Edgar,10/1,11.0,7,11-12,166,,108.0,52.0,65.0,Dubai Destination (USA),Sahara Sonnet (USA),Stravinsky,0
RID2776-GB-14,2014-11-23,Exeter,3:05,Bathwick Tyres Handicap Chase,0-130,4yo+,17.5,3500,Heavy,14,Chase,Handicap,11.0,2014.0,2014 - 11,5,16767.613636363636,Headly's Bridge,Simon Earle,Paddy Brennan,4/1,5.0,8,11-12,166,,130.0,127.0,136.0,Tillerman (GB),Brockton Flame (GB),Emarati,1
RID2776-GB-14,2014-11-23,Exeter,3:05,Bathwick Tyres Handicap Chase,0-130,4yo+,17.5,3500,Heavy,14,Chase,Handicap,11.0,2014.0,2014 - 11,5,16767.613636363636,Lord Protector,Philip Hobbs,Richard Johnson,3/1,4.0,7,11-4,158,b,122.0,117.0,126.0,Oscar (IRE),Warts And All (IRE),Commanche Run,0
RID2776-GB-14,2014-11-23,Exeter,3:05,Bathwick Tyres Handicap Chase,0-130,4yo+,17.5,3500,Heavy,14,Chase,Handicap,11.0,2014.0,2014 - 11,5,16767.613636363636,Whispering Harry,Henry Oliver,James Davies,7/2,4.5,5,10-11,151,,115.0,110.0,120.0,Sir Harry Lewis (USA),Welsh Whisper (GB),Overbury,0
RID2776-GB-14,2014-11-23,Exeter,3:05,Bathwick Tyres Handicap Chase,0-130,4yo+,17.5,3500,Heavy,14,Chase,Handicap,11.0,2014.0,2014 - 11,5,16767.613636363636,Upepito,Venetia Williams,Aidan Coleman,11/4F,3.75,6,11-7,161,,125.0,105.0,119.0,Khalkevi (IRE),Friandise II (FR),Mistigri,0
RID2776-GB-14,2014-11-23,Exeter,3:05,Bathwick Tyres Handicap Chase,0-130,4yo+,17.5,3500,Heavy,14,Chase,Handicap,11.0,2014.0,2014 - 11,5,16767.613636363636,Tornado In Milan,Evan Williams,Paul Moloney,11/2,6.5,8,11-4,158,h,122.0,39.0,61.0,Milan (GB),Julika (GER),Nebos,0
RID2777-GB-14,2014-11-23,Exeter,1:35,Bathwick Tyres Plymouth Handicap Hurdle,0-115,4yo+,23.0,4600,Heavy,14,Hurdle,Handicap,11.0,2014.0,2014 - 11,6,6148.125,Absolutely Bygones,Jackie Du Plessis,James Best,13/2,7.5,6,11-2,156,t,105.0,29.0,112.0,Alderbrook (GB),Majella (IRE),Fourstars Allstar,1
RID2777-GB-14,2014-11-23,Exeter,1:35,Bathwick Tyres Plymouth Handicap Hurdle,0-115,4yo+,23.0,4600,Heavy,14,Hurdle,Handicap,11.0,2014.0,2014 - 11,6,6148.125,Obistar,David Pipe,Tom Scudamore,6/4F,2.5,4,11-2,156,p,105.0,28.0,111.0,Astarabad (USA),Vallee Du Luy (FR),Oblat,0
RID2777-GB-14,2014-11-23,Exeter,1:35,Bathwick Tyres Plymouth Handicap Hurdle,0-115,4yo+,23.0,4600,Heavy,14,Hurdle,Handicap,11.0,2014.0,2014 - 11,6,6148.125,Tara Tavey,Kevin Bishop,Mr Conor Smith,12/1,13.0,9,9-11,137,,93.0,15.0,97.0,Kayf Tara (GB),Slieve League (IRE),Roselier,0
RID2777-GB-14,2014-11-23,Exeter,1:35,Bathwick Tyres Plymouth Handicap Hurdle,0-115,4yo+,23.0,4600,Heavy,14,Hurdle,Handicap,11.0,2014.0,2014 - 11,6,6148.125,Flash Crash,Jim Best,Noel Fehily,13/2,7.5,5,11-9,163,tv,112.0,22.0,104.0,Val Royal (FR),Tessara (GER),Big Shuffle,0
RID2777-GB-14,2014-11-23,Exeter,1:35,Bathwick Tyres Plymouth Handicap Hurdle,0-115,4yo+,23.0,4600,Heavy,14,Hurdle,Handicap,11.0,2014.0,2014 - 11,6,6148.125,Look For Love,Sue Gardner,Lucy Gardner,10/1,11.0,6,10-9,149,,103.0,11.0,93.0,Pursuit Of Love (GB),Look Here's May (GB),Revoque,0
RID2777-GB-14,2014-11-23,Exeter,1:35,Bathwick Tyres Plymouth Handicap Hurdle,0-115,4yo+,23.0,4600,Heavy,14,Hurdle,Handicap,11.0,2014.0,2014 - 11,6,6148.125,Lundy Sky,Richard Woollacott,Daryl Jacob,5/2,3.5,9,11-12,166,t,115.0,,59.0,Zaha (CAN),Rosina Mae (GB),Rousillon,0
RID2778-GB-14,2014-11-23,Exeter,2:35,Bathwick Tyres Taunton Novices' Chase,Class 3,4yo+,24.0,4800,Heavy,14,Chase,Even,11.0,2014.0,2014 - 11,4,16368.75,Return Spring,Philip Hobbs,Richard Johnson,4/1,5.0,7,11-0,154,,138.0,119.0,144.0,Vinnie Roe (IRE),Bettys Daughter (IRE),Supreme Leader,1
RID2778-GB-14,2014-11-23,Exeter,2:35,Bathwick Tyres Taunton Novices' Chase,Class 3,4yo+,24.0,4800,Heavy,14,Chase,Even,11.0,2014.0,2014 - 11,4,16368.75,Highland Retreat,Harry Fry,Noel Fehily,5/6F,1.83,7,10-7,147,,144.0,112.0,136.0,Exit To Nowhere (USA),St Kilda (GB),Past Glories,0
RID2778-GB-14,2014-11-23,Exeter,2:35,Bathwick Tyres Taunton Novices' Chase,Class 3,4yo+,24.0,4800,Heavy,14,Chase,Even,11.0,2014.0,2014 - 11,4,16368.75,Kaki De La Pree,Tom Symonds,Felix De Giles,9/4,3.25,7,11-0,154,,,102.0,131.0,Kapgarde (FR),Kica (FR),Noir Et Or,0
RID2778-GB-14,2014-11-23,Exeter,2:35,Bathwick Tyres Taunton Novices' Chase,Class 3,4yo+,24.0,4800,Heavy,14,Chase,Even,11.0,2014.0,2014 - 11,4,16368.75,Cadeau George,Ben Pauling,James Davies,33/1,34.0,5,11-0,154,,,50.0,67.0,Relief Pitcher (GB),Sovereign's Gift (GB),Elegant Monarch,0
RID2779-GB-14,2014-11-23,Towcester,3:15,AJA Insure Their Members Amateur Riders' Handicap Chase,0-100,4yo+,16.5,3300,Soft,14,Chase,Handicap,11.0,2014.0,2014 - 11,6,3828.125,Grand Article,Paul Cowley,Miss Gina Andrews,9/4F,3.25,10,10-13,153,,77.0,86.0,87.0,Definite Article (GB),Grand Morning (IRE),King Of Clubs I,1
RID2779-GB-14,2014-11-23,Towcester,3:15,AJA Insure Their Members Amateur Riders' Handicap Chase,0-100,4yo+,16.5,3300,Soft,14,Chase,Handicap,11.0,2014.0,2014 - 11,6,3828.125,Top Benefit,Richard Harper,Max Kendrick,11/1,12.0,12,9-10,136,,67.0,63.0,64.0,Beneficial (GB),Cottage Lass (IRE),Roselier,0
RID2779-GB-14,2014-11-23,Towcester,3:15,AJA Insure Their Members Amateur Riders' Handicap Chase,0-100,4yo+,16.5,3300,Soft,14,Chase,Handicap,11.0,2014.0,2014 - 11,6,3828.125,Wicklewood,Mark Gillard,Theo Gillard,7/2,4.5,8,11-5,159,ht,90.0,80.0,85.0,Mujahid (USA),Pinini (GB),Pivotal,0
RID2779-GB-14,2014-11-23,Towcester,3:15,AJA Insure Their Members Amateur Riders' Handicap Chase,0-100,4yo+,16.5,3300,Soft,14,Chase,Handicap,11.0,2014.0,2014 - 11,6,3828.125,The Informant,Seamus Mullins,Daniel Sansom,5/2,3.5,8,11-1,155,b,86.0,59.0,70.0,Central Park (IRE),Belle Rose (IRE),Roselier,0
RID2779-GB-14,2014-11-23,Towcester,3:15,AJA Insure Their Members Amateur Riders' Handicap Chase,0-100,4yo+,16.5,3300,Soft,14,Chase,Handicap,11.0,2014.0,2014 - 11,6,3828.125,Beauchamp Viking,Hugo Froud,Harry Bannister,11/2,6.5,10,10-7,147,tp,71.0,29.0,46.0,Compton Admiral (GB),Beauchamp Jade (GB),Kalaglow,0
RID2779-GB-14,2014-11-23,Towcester,3:15,AJA Insure Their Members Amateur Riders' Handicap Chase,0-100,4yo+,16.5,3300,Soft,14,Chase,Handicap,11.0,2014.0,2014 - 11,6,3828.125,Special Mate,Lady Susan Brooke,Miss Lorna Brooke,20/1,21.0,8,10-10,150,hp,79.0,32.0,43.0,Generous (IRE),Flying Iris (IRE),Un Desperado,0
RID2780-GB-14,2014-11-23,Towcester,2:15,Best Racing Blogs On gg.com Handicap Chase,0-120,4yo+,24.5,4900,Soft,14,Chase,Handicap,11.0,2014.0,2014 - 11,4,10912.5,Union Jack D'Ycy,Venetia Williams,Liam Treadwell,5/6F,1.83,6,11-11,165,,117.0,31.0,127.0,Bonnet Rouge (FR),Jacady (FR),Fill My Hopes,1
RID2780-GB-14,2014-11-23,Towcester,2:15,Best Racing Blogs On gg.com Handicap Chase,0-120,4yo+,24.5,4900,Soft,14,Chase,Handicap,11.0,2014.0,2014 - 11,4,10912.5,Ringa Bay,David Bridgwater,Jake Hodson,9/2,5.5,9,11-4,158,,117.0,23.0,117.0,Karinga Bay (GB),Redgrave Wolf (GB),Little Wolf,0
RID2781-GB-14,2014-11-23,Towcester,1:15,Don't Miss Out With gg.com Alerts Handicap Chase,0-100,4yo+,20.0,4000,Soft,14,Chase,Handicap,11.0,2014.0,2014 - 11,8,5589.204545454545,Carhue Princess,Tom Symonds,Ben Poste,5/1,6.0,8,11-1,155,,86.0,68.0,95.0,Desert Prince (IRE),Carhue Journey (IRE),Barathea,1
RID2781-GB-14,2014-11-23,Towcester,1:15,Don't Miss Out With gg.com Alerts Handicap Chase,0-100,4yo+,20.0,4000,Soft,14,Chase,Handicap,11.0,2014.0,2014 - 11,8,5589.204545454545,I Know The Code,Lynn Siddall,Tom Siddall,5/2F,3.5,9,11-0,154,,80.0,58.0,86.0,Viking Ruler (AUS),Gentle Papoose (GB),Commanche Run,0
RID2781-GB-14,2014-11-23,Towcester,1:15,Don't Miss Out With gg.com Alerts Handicap Chase,0-100,4yo+,20.0,4000,Soft,14,Chase,Handicap,11.0,2014.0,2014 - 11,8,5589.204545454545,Wheelavher,Claire Dyson,Trevor Whelan,7/1,8.0,8,9-11,137,h,66.0,31.0,61.0,Fair Mix (IRE),True Rose (IRE),Roselier,0
RID2781-GB-14,2014-11-23,Towcester,1:15,Don't Miss Out With gg.com Alerts Handicap Chase,0-100,4yo+,20.0,4000,Soft,14,Chase,Handicap,11.0,2014.0,2014 - 11,8,5589.204545454545,According To Them,Daniel Steele,Mr Freddie Mitchell,16/1,17.0,10,11-0,154,t,87.0,49.0,77.0,Quws (GB),Any Old Music (IRE),Montelimar,0
RID2781-GB-14,2014-11-23,Towcester,1:15,Don't Miss Out With gg.com Alerts Handicap Chase,0-100,4yo+,20.0,4000,Soft,14,Chase,Handicap,11.0,2014.0,2014 - 11,8,5589.204545454545,Red Anchor,Linda Jewell,Andrew Thornton,10/1,11.0,10,11-1,155,p,81.0,37.0,71.0,Snurge (IRE),Clonartic (IRE),Be My Native,0
RID2781-GB-14,2014-11-23,Towcester,1:15,Don't Miss Out With gg.com Alerts Handicap Chase,0-100,4yo+,20.0,4000,Soft,14,Chase,Handicap,11.0,2014.0,2014 - 11,8,5589.204545454545,Le Grand Chene,Sophie Leech,Richie McLernon,7/2,4.5,8,11-12,166,tp,92.0,47.0,77.0,Turgeon (USA),Faitiche D'Aubry (FR),Le Nain Jaune,0
RID2781-GB-14,2014-11-23,Towcester,1:15,Don't Miss Out With gg.com Alerts Handicap Chase,0-100,4yo+,20.0,4000,Soft,14,Chase,Handicap,11.0,2014.0,2014 - 11,8,5589.204545454545,Killfinnan Castle,Violet M Jordan,William Kennedy,7/1,8.0,11,10-2,142,p,68.0,7.0,39.0,Arctic Lord (IRE),Golden Seekers (GB),Manado,0
RID2781-GB-14,2014-11-23,Towcester,1:15,Don't Miss Out With gg.com Alerts Handicap Chase,0-100,4yo+,20.0,4000,Soft,14,Chase,Handicap,11.0,2014.0,2014 - 11,8,5589.204545454545,Gainsborough's Art,Harry Chisman,Daniel Hiskett,25/1,26.0,9,9-7,133,p,66.0,,36.0,Desert Prince (IRE),Cathy Garcia (IRE),Be My Guest,0
RID2782-GB-14,2014-11-23,Towcester,3:45,Free Tips Every Day On gg.com Intermediate Open National Hunt Flat Race,Class 6,4-6yo,16.0,3200,Soft,14,Bumper,Even,11.0,2014.0,2014 - 11,5,3353.5227272727275,Lettheriverrundry,Brendan Powell,Brendan Powell,5/2,3.5,4,11-0,154,,,74.0,105.0,Diamond Green (FR),Dissitation (IRE),Spectrum,1
RID2782-GB-14,2014-11-23,Towcester,3:45,Free Tips Every Day On gg.com Intermediate Open National Hunt Flat Race,Class 6,4-6yo,16.0,3200,Soft,14,Bumper,Even,11.0,2014.0,2014 - 11,5,3353.5227272727275,Big Mike,Sarah Humphrey,Jack Quinlan,100/30,4.33,6,11-0,154,,,70.0,100.0,Flemensfirth (USA),Minoras Return (IRE),Bob's Return,0
RID2782-GB-14,2014-11-23,Towcester,3:45,Free Tips Every Day On gg.com Intermediate Open National Hunt Flat Race,Class 6,4-6yo,16.0,3200,Soft,14,Bumper,Even,11.0,2014.0,2014 - 11,5,3353.5227272727275,Amidon,Lucy Wadham,Leighton Aspell,7/1,8.0,4,11-0,154,p,,66.0,97.0,Dom Alco (FR),Immage (FR),Bad Conduct,0
RID2782-GB-14,2014-11-23,Towcester,3:45,Free Tips Every Day On gg.com Intermediate Open National Hunt Flat Race,Class 6,4-6yo,16.0,3200,Soft,14,Bumper,Even,11.0,2014.0,2014 - 11,5,3353.5227272727275,Big Jim,Alex Hales,William Kennedy,11/8F,2.38,5,11-7,161,,,67.0,99.0,Revoque (IRE),Chilly Squaw (IRE),Commanche Run,0
RID2782-GB-14,2014-11-23,Towcester,3:45,Free Tips Every Day On gg.com Intermediate Open National Hunt Flat Race,Class 6,4-6yo,16.0,3200,Soft,14,Bumper,Even,11.0,2014.0,2014 - 11,5,3353.5227272727275,Tikketoride,Peter Pritchard,Jack Doyle,33/1,34.0,6,11-0,154,,,,51.0,Tikkanen (USA),Safe Arrival (USA),Shadeed,0
RID2783-GB-14,2014-11-23,Towcester,1:45,Happy 40th Birthday Duncan Lewin Claiming Hurdle,Class 5,4yo+,16.0,3200,Soft,14,Hurdle,Even,11.0,2014.0,2014 - 11,5,4471.363636363636,Yasir,Conor Dore,Peter Carberry,16/1,17.0,6,11-2,156,p,103.0,92.0,108.0,Dynaformer (USA),Khazayin (USA),Bahri,1
RID2783-GB-14,2014-11-23,Towcester,1:45,Happy 40th Birthday Duncan Lewin Claiming Hurdle,Class 5,4yo+,16.0,3200,Soft,14,Hurdle,Even,11.0,2014.0,2014 - 11,5,4471.363636363636,Gud Day,Fergal O'Brien,Miss Ally Stirling,3/1,4.0,6,11-1,155,tp,110.0,91.0,109.0,Aussie Rules (USA),Queen Al Andalous (IRE),King's Best,0
RID2783-GB-14,2014-11-23,Towcester,1:45,Happy 40th Birthday Duncan Lewin Claiming Hurdle,Class 5,4yo+,16.0,3200,Soft,14,Hurdle,Even,11.0,2014.0,2014 - 11,5,4471.363636363636,Formal Bid,Gordon Elliott,Jason Maguire,11/8F,2.38,7,10-7,147,tb,117.0,65.0,86.0,Oratorio (IRE),Sharamaine (IRE),King Charlemagne,0
RID2783-GB-14,2014-11-23,Towcester,1:45,Happy 40th Birthday Duncan Lewin Claiming Hurdle,Class 5,4yo+,16.0,3200,Soft,14,Hurdle,Even,11.0,2014.0,2014 - 11,5,4471.363636363636,Vinnie My Boy,Peter Bowen,Jamie Moore,11/4,3.75,6,10-13,153,tv,116.0,35.0,72.0,Vinnie Roe (IRE),Copper Magic (IRE),Zaffaran,0
RID2784-GB-14,2014-11-23,Towcester,2:45,Happy Birthday Janet Baldwin Handicap Hurdle,0-130,4yo+,24.0,4800,Soft,14,Hurdle,Handicap,11.0,2014.0,2014 - 11,7,11178.40909090909,American Life,Anthony Middleton,James Banks,4/1,5.0,7,10-2,142,tv,105.0,80.0,118.0,American Post (GB),Poplife (FR),Zino,1
RID2784-GB-14,2014-11-23,Towcester,2:45,Happy Birthday Janet Baldwin Handicap Hurdle,0-130,4yo+,24.0,4800,Soft,14,Hurdle,Handicap,11.0,2014.0,2014 - 11,7,11178.40909090909,Lock Towers,Ben Pauling,David Bass,12/1,13.0,5,11-0,154,,114.0,70.0,105.0,Classic Cliche (IRE),Katieella (IRE),King's Theatre,0
RID2784-GB-14,2014-11-23,Towcester,2:45,Happy Birthday Janet Baldwin Handicap Hurdle,0-130,4yo+,24.0,4800,Soft,14,Hurdle,Handicap,11.0,2014.0,2014 - 11,7,11178.40909090909,Royale Knight,Dr Richard Newland,Chris Ward,3/1F,4.0,8,11-5,159,,124.0,66.0,98.0,King's Theatre (IRE),Gardana (FR),Garde Royale,0
RID2784-GB-14,2014-11-23,Towcester,2:45,Happy Birthday Janet Baldwin Handicap Hurdle,0-130,4yo+,24.0,4800,Soft,14,Hurdle,Handicap,11.0,2014.0,2014 - 11,7,11178.40909090909,Waldorf Salad,Venetia Williams,Liam Treadwell,7/1,8.0,6,11-9,163,,123.0,61.0,95.0,Millenary (GB),Ismene (FR),Bad Conduct,0
RID2784-GB-14,2014-11-23,Towcester,2:45,Happy Birthday Janet Baldwin Handicap Hurdle,0-130,4yo+,24.0,4800,Soft,14,Hurdle,Handicap,11.0,2014.0,2014 - 11,7,11178.40909090909,Chavoy,Rebecca Menzies,Tony Kelly,14/1,15.0,9,11-9,163,t,126.0,62.0,94.0,Saint Des Saints (FR),Dictania (FR),Iron Duke,0
RID2784-GB-14,2014-11-23,Towcester,2:45,Happy Birthday Janet Baldwin Handicap Hurdle,0-130,4yo+,24.0,4800,Soft,14,Hurdle,Handicap,11.0,2014.0,2014 - 11,7,11178.40909090909,Jaunty Journey,Nigel Twiston-Davies,Sam Twiston-Davies,11/2,6.5,11,10-10,150,p,110.0,36.0,67.0,Karinga Bay (GB),Jaunty June (GB),Primitive Rising,0
RID2784-GB-14,2014-11-23,Towcester,2:45,Happy Birthday Janet Baldwin Handicap Hurdle,0-130,4yo+,24.0,4800,Soft,14,Hurdle,Handicap,11.0,2014.0,2014 - 11,7,11178.40909090909,Malibu Rock,Suzy Smith,Micheal Nolan,7/2,4.5,6,10-6,146,,109.0,25.0,55.0,Tiger Hill (IRE),High Straits (GB),Bering,0
RID2785-GB-14,2014-11-23,Towcester,12:45,Haygain Hay Steamers Clean Healthy Forage Mares' National Hunt Novices' Hurdle,Class 4,4yo+ M,16.0,3200,Soft,14,Hurdle,Even,11.0,2014.0,2014 - 11,8,5589.204545454545,Quiet Candid,Nicky Henderson,Jeremiah McGrath,11/4,3.75,5,10-7,147,h,,54.0,109.0,Beneficial (GB),Lady Of Appeal (IRE),Lord Of Appeal,1
RID2785-GB-14,2014-11-23,Towcester,12:45,Haygain Hay Steamers Clean Healthy Forage Mares' National Hunt Novices' Hurdle,Class 4,4yo+ M,16.0,3200,Soft,14,Hurdle,Even,11.0,2014.0,2014 - 11,8,5589.204545454545,Ballyhollow,Rebecca Curtis,Jason Maguire,4/9F,1.44,7,10-10,150,,,38.0,94.0,Beat Hollow (GB),Ballet-K (GB),Gunner B,0
RID2785-GB-14,2014-11-23,Towcester,12:45,Haygain Hay Steamers Clean Healthy Forage Mares' National Hunt Novices' Hurdle,Class 4,4yo+ M,16.0,3200,Soft,14,Hurdle,Even,11.0,2014.0,2014 - 11,8,5589.204545454545,Stand 'N' Boogie,Pam Sly,Kielan Woods,16/1,17.0,4,10-10,150,,,31.0,88.0,Tobougg (IRE),Standing Bloom (GB),Presidium,0
RID2785-GB-14,2014-11-23,Towcester,12:45,Haygain Hay Steamers Clean Healthy Forage Mares' National Hunt Novices' Hurdle,Class 4,4yo+ M,16.0,3200,Soft,14,Hurdle,Even,11.0,2014.0,2014 - 11,8,5589.204545454545,Katarrhini,Tom Symonds,Ben Poste,18/1,19.0,5,10-5,145,,,31.0,88.0,Kayf Tara (GB),Dedrunknmunky (IRE),Rashar,0
RID2785-GB-14,2014-11-23,Towcester,12:45,Haygain Hay Steamers Clean Healthy Forage Mares' National Hunt Novices' Hurdle,Class 4,4yo+ M,16.0,3200,Soft,14,Hurdle,Even,11.0,2014.0,2014 - 11,8,5589.204545454545,Pattara,Noel Williams,Gerard Tumelty,33/1,34.0,5,10-10,150,h,,29.0,86.0,Kayf Tara (GB),Fortunes Course (IRE),Crash Course,0
RID2785-GB-14,2014-11-23,Towcester,12:45,Haygain Hay Steamers Clean Healthy Forage Mares' National Hunt Novices' Hurdle,Class 4,4yo+ M,16.0,3200,Soft,14,Hurdle,Even,11.0,2014.0,2014 - 11,8,5589.204545454545,Barrs Lane,Arthur Whiting,Gary Derwin,9/1,10.0,6,10-3,143,,,26.0,84.0,Sir Harry Lewis (USA),Cashel Dancer (GB),Bishop Of Cashel,0
RID2785-GB-14,2014-11-23,Towcester,12:45,Haygain Hay Steamers Clean Healthy Forage Mares' National Hunt Novices' Hurdle,Class 4,4yo+ M,16.0,3200,Soft,14,Hurdle,Even,11.0,2014.0,2014 - 11,8,5589.204545454545,Catkin Copse,Richard Phillips,Sam Twiston-Davies,20/1,21.0,6,10-10,150,,,25.0,83.0,Alflora (IRE),Run Tiger (IRE),Commanche Run,0
RID2785-GB-14,2014-11-23,Towcester,12:45,Haygain Hay Steamers Clean Healthy Forage Mares' National Hunt Novices' Hurdle,Class 4,4yo+ M,16.0,3200,Soft,14,Hurdle,Even,11.0,2014.0,2014 - 11,8,5589.204545454545,Lead The Way,Jonathan Portman,Richie McLernon,66/1,67.0,4,10-10,150,,,,12.0,Indian Haven (GB),Way To The Stars (GB),Dansili,0
RID2786-GB-14,2014-11-24,Kempton,1:35,Bradley Partnership Handicap Hurdle,0-120,4yo+,24.5,4900,Soft,14,Hurdle,Handicap,11.0,2014.0,2014 - 11,6,6707.045454545455,Letemgo,Giles Smyly,Tom Cannon,9/4,3.25,6,11-8,162,,116.0,50.0,122.0,Brian Boru (GB),Leteminletemout (IRE),Be My Native,1
RID2786-GB-14,2014-11-24,Kempton,1:35,Bradley Partnership Handicap Hurdle,0-120,4yo+,24.5,4900,Soft,14,Hurdle,Handicap,11.0,2014.0,2014 - 11,6,6707.045454545455,Neville,Philip Hobbs,Richard Johnson,7/1,8.0,6,11-12,166,,120.0,47.0,118.0,Revoque (IRE),Dudeen (IRE),Anshan,0
RID2786-GB-14,2014-11-24,Kempton,1:35,Bradley Partnership Handicap Hurdle,0-120,4yo+,24.5,4900,Soft,14,Hurdle,Handicap,11.0,2014.0,2014 - 11,6,6707.045454545455,Alberobello,Jeremy Scott,Nick Scholfield,7/4F,2.75,6,11-7,161,t,115.0,42.0,112.0,Old Vic (GB),Tourist Attraction (IRE),Pollerton,0
RID2786-GB-14,2014-11-24,Kempton,1:35,Bradley Partnership Handicap Hurdle,0-120,4yo+,24.5,4900,Soft,14,Hurdle,Handicap,11.0,2014.0,2014 - 11,6,6707.045454545455,Mister Snowball,Chris Down,Barry Geraghty,5/1,6.0,7,11-4,158,,112.0,17.0,85.0,Ballingarry (IRE),No Coincidence (IRE),Indian Ridge,0
RID2786-GB-14,2014-11-24,Kempton,1:35,Bradley Partnership Handicap Hurdle,0-120,4yo+,24.5,4900,Soft,14,Hurdle,Handicap,11.0,2014.0,2014 - 11,6,6707.045454545455,My Lord,Luke Dace,Jamie Moore,16/1,17.0,6,10-11,151,h,105.0,,24.0,Ishiguru (USA),Lady Smith (GB),Greensmith,0
RID2787-GB-14,2014-11-24,Kempton,12:35,Coolmore EBF Stallions National Hunt Novices' Hurdle (Qualifier),Class 4,4-6yo,16.0,3200,Soft,14,Hurdle,Even,11.0,2014.0,2014 - 11,9,6707.045454545455,Arzal,Harry Whittington,Richard Johnson,7/2,4.5,4,10-12,152,,126.0,105.0,138.0,Vendangeur (IRE),Ghostaline (FR),Ghost Buster'S,1
RID2787-GB-14,2014-11-24,Kempton,12:35,Coolmore EBF Stallions National Hunt Novices' Hurdle (Qualifier),Class 4,4-6yo,16.0,3200,Soft,14,Hurdle,Even,11.0,2014.0,2014 - 11,9,6707.045454545455,West Wizard,Nicky Henderson,Barry Geraghty,2/9F,1.22,5,10-12,152,,,96.0,132.0,King's Theatre (IRE),Queen's Diamond (GER),Konigsstuhl,0
RID2787-GB-14,2014-11-24,Kempton,12:35,Coolmore EBF Stallions National Hunt Novices' Hurdle (Qualifier),Class 4,4-6yo,16.0,3200,Soft,14,Hurdle,Even,11.0,2014.0,2014 - 11,9,6707.045454545455,Uptendownone,Gary Moore,Jamie Moore,12/1,13.0,5,10-12,152,,118.0,70.0,115.0,Oscar (IRE),Lady Meribel (GB),Kahyasi,0
RID2787-GB-14,2014-11-24,Kempton,12:35,Coolmore EBF Stallions National Hunt Novices' Hurdle (Qualifier),Class 4,4-6yo,16.0,3200,Soft,14,Hurdle,Even,11.0,2014.0,2014 - 11,9,6707.045454545455,Vodka 'n Tonic,Nicky Henderson,David Bass,14/1,15.0,5,10-12,152,,,52.0,100.0,Presenting (GB),Ballagh Dawn (IRE),Buckskin,0
RID2787-GB-14,2014-11-24,Kempton,12:35,Coolmore EBF Stallions National Hunt Novices' Hurdle (Qualifier),Class 4,4-6yo,16.0,3200,Soft,14,Hurdle,Even,11.0,2014.0,2014 - 11,9,6707.045454545455,Gamain,Ben Case,Daryl Jacob,33/1,34.0,5,10-12,152,,,49.0,94.0,Gamut (IRE),Glass Curtain (IRE),Old Vic,0
RID2787-GB-14,2014-11-24,Kempton,12:35,Coolmore EBF Stallions National Hunt Novices' Hurdle (Qualifier),Class 4,4-6yo,16.0,3200,Soft,14,Hurdle,Even,11.0,2014.0,2014 - 11,9,6707.045454545455,Bay Fortuna,Mark Usher,Dave Crosse,66/1,67.0,5,10-12,152,,,40.0,87.0,Old Vic (GB),East Rose (GB),Keen,0
RID2787-GB-14,2014-11-24,Kempton,12:35,Coolmore EBF Stallions National Hunt Novices' Hurdle (Qualifier),Class 4,4-6yo,16.0,3200,Soft,14,Hurdle,Even,11.0,2014.0,2014 - 11,9,6707.045454545455,Empty The Tank,Nigel Twiston-Davies,Ryan Hatch,50/1,51.0,4,10-7,147,,,21.0,73.0,Lawman (FR),Asian Alliance (IRE),Soviet Star,0
RID2788-GB-14,2014-11-24,Kempton,2:10,OLBG Mares' Hurdle,Listed,4yo+ M,24.5,4900,Soft,14,Hurdle,Even,11.0,2014.0,2014 - 11,6,27946.022727272728,Carole's Spirit,Robert Walford,Daryl Jacob,11/1,12.0,6,11-6,160,,143.0,33.0,151.0,Hernando (FR),Carole's Crusader (GB),Faustus,1
RID2788-GB-14,2014-11-24,Kempton,2:10,OLBG Mares' Hurdle,Listed,4yo+ M,24.5,4900,Soft,14,Hurdle,Even,11.0,2014.0,2014 - 11,6,27946.022727272728,Clara Mc Cloud,Gordon Elliott,Richard Johnson,4/1,5.0,6,10-12,152,t,140.0,18.0,135.0,Cloudings (IRE),Aoife Landers (IRE),Zaffaran,0
RID2788-GB-14,2014-11-24,Kempton,2:10,OLBG Mares' Hurdle,Listed,4yo+ M,24.5,4900,Soft,14,Hurdle,Even,11.0,2014.0,2014 - 11,6,27946.022727272728,L'Unique,Alan King,Aidan Coleman,4/1,5.0,5,10-12,152,,149.0,18.0,136.0,Reefscape (GB),Sans Tune (FR),Green Tune,0
RID2788-GB-14,2014-11-24,Kempton,2:10,OLBG Mares' Hurdle,Listed,4yo+ M,24.5,4900,Soft,14,Hurdle,Even,11.0,2014.0,2014 - 11,6,27946.022727272728,Mayfair Music,Nicky Henderson,David Bass,20/1,21.0,5,11-6,160,,139.0,,115.0,Presenting (GB),Native Bid (IRE),Be My Native,0
RID2788-GB-14,2014-11-24,Kempton,2:10,OLBG Mares' Hurdle,Listed,4yo+ M,24.5,4900,Soft,14,Hurdle,Even,11.0,2014.0,2014 - 11,6,27946.022727272728,Cnoc Seoda,Paul Henderson,Nick Scholfield,100/1,101.0,9,10-12,152,t,99.0,,89.0,Dr Massini (IRE),Hill Diamond (IRE),Acceglio,0
RID2789-GB-14,2014-11-24,Kempton,3:15,Openwork Foundation Novices' Hurdle,Class 4,4yo+,21.0,4200,Soft,14,Hurdle,Even,11.0,2014.0,2014 - 11,6,5365.636363636364,Brother Tedd,Philip Hobbs,Richard Johnson,4/6F,1.67,5,11-5,159,,,67.0,130.0,Kayf Tara (GB),Neltina (GB),Neltino,1
RID2789-GB-14,2014-11-24,Kempton,3:15,Openwork Foundation Novices' Hurdle,Class 4,4yo+,21.0,4200,Soft,14,Hurdle,Even,11.0,2014.0,2014 - 11,6,5365.636363636364,Hurricane Vic,Alan King,Tom Bellamy,20/1,21.0,4,10-7,147,,,49.0,108.0,Mount Nelson (GB),Fountains Abbey (USA),Giant's Causeway,0
RID2789-GB-14,2014-11-24,Kempton,3:15,Openwork Foundation Novices' Hurdle,Class 4,4yo+,21.0,4200,Soft,14,Hurdle,Even,11.0,2014.0,2014 - 11,6,5365.636363636364,New Horizons,Nicky Henderson,Barry Geraghty,5/1,6.0,4,10-12,152,,,34.0,98.0,Presenting (GB),Namloc (IRE),Phardante,0
RID2789-GB-14,2014-11-24,Kempton,3:15,Openwork Foundation Novices' Hurdle,Class 4,4yo+,21.0,4200,Soft,14,Hurdle,Even,11.0,2014.0,2014 - 11,6,5365.636363636364,Dashaway,Jeremy Scott,Nick Scholfield,6/1,7.0,5,10-12,152,,,31.0,87.0,Shantou (USA),Backaway (IRE),Bob Back,0
RID2789-GB-14,2014-11-24,Kempton,3:15,Openwork Foundation Novices' Hurdle,Class 4,4yo+,21.0,4200,Soft,14,Hurdle,Even,11.0,2014.0,2014 - 11,6,5365.636363636364,So Oscar,Lawney Hill,David Bass,40/1,41.0,6,10-12,152,t,,19.0,76.0,Oscar (IRE),So Proper (IRE),Topanoora,0
RID2790-GB-14,2014-11-24,Kempton,2:45,Pertemps Network Handicap Chase (The Jockey Club Grassroots Jumps Series Qualifier),0-135,4yo+,20.5,4100,Soft,14,Chase,Handicap,11.0,2014.0,2014 - 11,7,16767.613636363636,Tenor Nivernais,Venetia Williams,Aidan Coleman,5/1,6.0,7,11-9,163,,132.0,139.0,140.0,Shaanmer (IRE),Hosanna II (FR),Marasali,1
RID2790-GB-14,2014-11-24,Kempton,2:45,Pertemps Network Handicap Chase (The Jockey Club Grassroots Jumps Series Qualifier),0-135,4yo+,20.5,4100,Soft,14,Chase,Handicap,11.0,2014.0,2014 - 11,7,16767.613636363636,King Edmund,Chris Gordon,Tom Cannon,11/4F,3.75,11,11-12,166,t,135.0,142.0,141.0,Roi De Rome (USA),Cadbury Castle (GB),Midyan,0
RID2790-GB-14,2014-11-24,Kempton,2:45,Pertemps Network Handicap Chase (The Jockey Club Grassroots Jumps Series Qualifier),0-135,4yo+,20.5,4100,Soft,14,Chase,Handicap,11.0,2014.0,2014 - 11,7,16767.613636363636,Roc D'Apsis,Tom George,Alain Cawley,20/1,21.0,5,11-0,154,,123.0,128.0,129.0,Apsis (GB),Rocapina (FR),Solon,0
RID2790-GB-14,2014-11-24,Kempton,2:45,Pertemps Network Handicap Chase (The Jockey Club Grassroots Jumps Series Qualifier),0-135,4yo+,20.5,4100,Soft,14,Chase,Handicap,11.0,2014.0,2014 - 11,7,16767.613636363636,Frontier Spirit,Nigel Twiston-Davies,Ryan Hatch,9/2,5.5,10,10-11,151,v,125.0,124.0,123.0,New Frontier I (IRE),Psalmist (GB),Mystiko,0
RID2791-GB-14,2014-11-24,Kempton,1:05,Simply Finance Beginners' Chase,Class 4,4yo+,16.0,3200,Soft,14,Chase,Even,11.0,2014.0,2014 - 11,5,7824.886363636364,Tango De Juilley,Venetia Williams,Aidan Coleman,10/1,11.0,6,11-0,154,,,117.0,138.0,Lesotho (USA),Lasalsa De Juilley (FR),Le Balafre,1
RID2791-GB-14,2014-11-24,Kempton,1:05,Simply Finance Beginners' Chase,Class 4,4yo+,16.0,3200,Soft,14,Chase,Even,11.0,2014.0,2014 - 11,5,7824.886363636364,River Maigue,Nicky Henderson,Barry Geraghty,4/9F,1.44,7,11-0,154,,,103.0,126.0,Zagreb (USA),Minor Tantrum (IRE),Executive Perk,0
RID2791-GB-14,2014-11-24,Kempton,1:05,Simply Finance Beginners' Chase,Class 4,4yo+,16.0,3200,Soft,14,Chase,Even,11.0,2014.0,2014 - 11,5,7824.886363636364,Ted Spread,Suzy Smith,Tom O'Brien,10/1,11.0,7,11-0,154,t,,99.0,121.0,Beat Hollow (GB),Highbrook (USA),Alphabatim,0
RID2792-GB-14,2014-11-24,Kempton,3:45,Starlight Children's Foundation Conditional Jockeys' Handicap Hurdle,0-130,3yo+,16.0,3200,Soft,14,Hurdle,Handicap,11.0,2014.0,2014 - 11,8,9278.079545454546,Theinval,Nicky Henderson,Jeremiah McGrath,4/1,5.0,4,10-13,153,,119.0,56.0,126.0,Smadoun (FR),Kinevees (FR),Hard Leaf,1
RID2792-GB-14,2014-11-24,Kempton,3:45,Starlight Children's Foundation Conditional Jockeys' Handicap Hurdle,0-130,3yo+,16.0,3200,Soft,14,Hurdle,Handicap,11.0,2014.0,2014 - 11,8,9278.079545454546,Lough Kent,Nicky Henderson,Nico de Boinville,7/2,4.5,5,11-9,163,,129.0,59.0,130.0,Barathea (IRE),King's Doll (IRE),King's Best,0
RID2792-GB-14,2014-11-24,Kempton,3:45,Starlight Children's Foundation Conditional Jockeys' Handicap Hurdle,0-130,3yo+,16.0,3200,Soft,14,Hurdle,Handicap,11.0,2014.0,2014 - 11,8,9278.079545454546,Germany Calling,Charlie Longsdon,Charlie Deutsch,7/4F,2.75,5,11-3,157,t,126.0,47.0,120.0,Germany (USA),Markir (IRE),Flemensfirth,0
RID2792-GB-14,2014-11-24,Kempton,3:45,Starlight Children's Foundation Conditional Jockeys' Handicap Hurdle,0-130,3yo+,16.0,3200,Soft,14,Hurdle,Handicap,11.0,2014.0,2014 - 11,8,9278.079545454546,Lyssio,Jim Best,Jack Sherwood,7/1,8.0,7,9-13,139,b,105.0,9.0,86.0,Motivator (GB),Lysuna (GER),Monsun,0
RID2792-GB-14,2014-11-24,Kempton,3:45,Starlight Children's Foundation Conditional Jockeys' Handicap Hurdle,0-130,3yo+,16.0,3200,Soft,14,Hurdle,Handicap,11.0,2014.0,2014 - 11,8,9278.079545454546,Red Inca,Brian Ellison,Nathan Moscrop,12/1,13.0,6,10-9,149,p,118.0,,33.0,Pivotal (GB),Magicalmysterykate (USA),Woodman,0
RID2793-GB-14,2014-11-24,Ludlow,2:55,Concha Y Toro Novices' Handicap Chase,0-105,4yo+,24.0,4800,Good To Soft,14,Chase,Handicap,11.0,2014.0,2014 - 11,8,11178.40909090909,Royal Palladium,Venetia Williams,Liam Treadwell,3/1,4.0,6,11-12,166,,105.0,53.0,120.0,King's Theatre (IRE),Dent Sucree (FR),Turgeon,1
RID2793-GB-14,2014-11-24,Ludlow,2:55,Concha Y Toro Novices' Handicap Chase,0-105,4yo+,24.0,4800,Good To Soft,14,Chase,Handicap,11.0,2014.0,2014 - 11,8,11178.40909090909,Shinooki,Alex Hales,Kielan Woods,7/1,8.0,7,11-2,156,,95.0,38.0,104.0,Blueprint (IRE),Rapid Response (IRE),Be My Native,0
RID2793-GB-14,2014-11-24,Ludlow,2:55,Concha Y Toro Novices' Handicap Chase,0-105,4yo+,24.0,4800,Good To Soft,14,Chase,Handicap,11.0,2014.0,2014 - 11,8,11178.40909090909,Mac Le Couteau,Evan Williams,Adam Wedge,8/1,9.0,6,10-10,150,h,89.0,32.0,97.0,Overbury (IRE),Macnance (IRE),Mandalus,0
RID2793-GB-14,2014-11-24,Ludlow,2:55,Concha Y Toro Novices' Handicap Chase,0-105,4yo+,24.0,4800,Good To Soft,14,Chase,Handicap,11.0,2014.0,2014 - 11,8,11178.40909090909,Khazium,Claire Dyson,Trevor Whelan,14/1,15.0,5,10-0,140,tp,82.0,22.0,87.0,Kheleyf (USA),Hazium (IRE),In The Wings,0
RID2793-GB-14,2014-11-24,Ludlow,2:55,Concha Y Toro Novices' Handicap Chase,0-105,4yo+,24.0,4800,Good To Soft,14,Chase,Handicap,11.0,2014.0,2014 - 11,8,11178.40909090909,Fishing Bridge,David Rees,Paul Moloney,20/1,21.0,9,11-12,166,,105.0,44.0,111.0,Definite Article (GB),Rith Ar Aghaidh (IRE),Phardante,0
RID2793-GB-14,2014-11-24,Ludlow,2:55,Concha Y Toro Novices' Handicap Chase,0-105,4yo+,24.0,4800,Good To Soft,14,Chase,Handicap,11.0,2014.0,2014 - 11,8,11178.40909090909,Buddy Love,Nigel Twiston-Davies,Sam Twiston-Davies,EvensF,2.0,7,11-3,157,,96.0,27.0,98.0,Silver Patriarch (IRE),O My Love (GB),Idiots Delight,0
RID2793-GB-14,2014-11-24,Ludlow,2:55,Concha Y Toro Novices' Handicap Chase,0-105,4yo+,24.0,4800,Good To Soft,14,Chase,Handicap,11.0,2014.0,2014 - 11,8,11178.40909090909,Moorlands George,Jeremy Scott,Matt Griffiths,25/1,26.0,6,10-6,146,,88.0,12.0,80.0,Grape Tree Road (GB),Sandford Springs (USA),Robellino,0
RID2794-GB-14,2014-11-24,Ludlow,3:55,EBF Stallions Mares' Standard Open National Hunt Flat Race,Class 5,4-6yo M,16.0,3200,Good To Soft,14,Bumper,Even,11.0,2014.0,2014 - 11,7,5589.204545454545,Bengali,David Pipe,Tom Scudamore,11/4,3.75,5,11-5,159,,,36.0,105.0,Beneficial (GB),Kigali (IRE),Torus,1
RID2794-GB-14,2014-11-24,Ludlow,3:55,EBF Stallions Mares' Standard Open National Hunt Flat Race,Class 5,4-6yo M,16.0,3200,Good To Soft,14,Bumper,Even,11.0,2014.0,2014 - 11,7,5589.204545454545,Timon's Tara,Robin Dickin,Charlie Poste,12/1,13.0,5,10-12,152,,,27.0,97.0,Kayf Tara (GB),Princess Timon (GB),Terimon,0
RID2794-GB-14,2014-11-24,Ludlow,3:55,EBF Stallions Mares' Standard Open National Hunt Flat Race,Class 5,4-6yo M,16.0,3200,Good To Soft,14,Bumper,Even,11.0,2014.0,2014 - 11,7,5589.204545454545,Midnight Mint,Jeremy Scott,Sam Twiston-Davies,7/1,8.0,4,10-12,152,,,25.0,95.0,Midnight Legend (GB),Calamintha (GB),Mtoto,0
RID2794-GB-14,2014-11-24,Ludlow,3:55,EBF Stallions Mares' Standard Open National Hunt Flat Race,Class 5,4-6yo M,16.0,3200,Good To Soft,14,Bumper,Even,11.0,2014.0,2014 - 11,7,5589.204545454545,Blackdown Hills,Jamie Snowden,Brendan Powell,25/1,26.0,4,10-12,152,,,21.0,92.0,Presenting (GB),Lady Prunella (IRE),Supreme Leader,0
RID2794-GB-14,2014-11-24,Ludlow,3:55,EBF Stallions Mares' Standard Open National Hunt Flat Race,Class 5,4-6yo M,16.0,3200,Good To Soft,14,Bumper,Even,11.0,2014.0,2014 - 11,7,5589.204545454545,Belle De Londres,Warren Greatrex,Conor Walsh,15/8F,2.88,4,10-5,145,,,17.0,89.0,King's Theatre (IRE),J'y Reste (FR),Freedom Cry,0
RID2794-GB-14,2014-11-24,Ludlow,3:55,EBF Stallions Mares' Standard Open National Hunt Flat Race,Class 5,4-6yo M,16.0,3200,Good To Soft,14,Bumper,Even,11.0,2014.0,2014 - 11,7,5589.204545454545,Coco Des Champs,Oliver Sherwood,Leighton Aspell,9/2,5.5,4,10-12,152,,,14.0,87.0,Robin Des Champs (FR),American Chick (IRE),Lord Americo,0
RID2794-GB-14,2014-11-24,Ludlow,3:55,EBF Stallions Mares' Standard Open National Hunt Flat Race,Class 5,4-6yo M,16.0,3200,Good To Soft,14,Bumper,Even,11.0,2014.0,2014 - 11,7,5589.204545454545,Bufflers Holt,Paul Webber,Liam Treadwell,10/1,11.0,5,10-12,152,,,,67.0,Flemensfirth (USA),Water Stratford (IRE),Jurado,0
