race_ID,date,course,time,race_name,class,band,dist.f.,dist.m.,going,season,race_group,race_type,Month,Year,Period,Runners,Race_Money,horse_name,trainer,jockey,sp,dec,age,weight,lbs,gear,or,ts,rpr,sire,dam,damsire,target,market_probability,rpr_score,demo_score,demo_probability,value_edge,recommendation
RID1851-IE-14,2014-11-23,Navan,12:25,I.N.H. Stallion Owners European Breeders Fund Maiden Hurdle,Class 5,4yo+,16.0,3200,Soft,14,Hurdle,Handicap,11.0,2014.0,2014 - 11,11,11520.0,Milsean,W P Mullins,B J Cooper,2/11F,1.18,5,11-12,166,,,89.0,129.0,Milan (GB),Boro Supreme (IRE),Supreme Leader,1,0.6381934190788962,0.8611111111111112,0.7050687266885607,0.29615164610504974,-0.3420417729738464,SKIP
RID1851-IE-14,2014-11-23,Navan,12:25,I.N.H. Stallion Owners European Breeders Fund Maiden Hurdle,Class 5,4yo+,16.0,3200,Soft,14,Hurdle,Handicap,11.0,2014.0,2014 - 11,11,11520.0,Snow Falcon,Noel Meade,Paul Carberry,4/1,5.0,4,11-9,163,,,84.0,125.0,Presenting (GB),Flocon De Neige (IRE),Kahyasi,0,0.1506136469026195,0.8055555555555556,0.34709621949850034,0.14579162692990322,-0.004822019972716279,SKIP
RID1851-IE-14,2014-11-23,Navan,12:25,I.N.H. Stallion Owners European Breeders Fund Maiden Hurdle,Class 5,4yo+,16.0,3200,Soft,14,Hurdle,Handicap,11.0,2014.0,2014 - 11,11,11520.0,Ordinary World,Henry De Bromhead,Robbie Colgan,12/1,13.0,4,11-9,163,,,83.0,124.0,Milan (GB),Saucy Present (IRE),Presenting,0,0.057928325731776725,0.7970085470085471,0.2796523921148078,0.1174630403067044,0.05953471457492768,BET
RID1851-IE-14,2014-11-23,Navan,12:25,I.N.H. Stallion Owners European Breeders Fund Maiden Hurdle,Class 5,4yo+,16.0,3200,Soft,14,Hurdle,Handicap,11.0,2014.0,2014 - 11,11,11520.0,Space Cadet,Gordon Elliott,Kevin Sexton,20/1,21.0,4,11-6,160,,,81.0,123.0,Flemensfirth (USA),Shuil A Hocht (IRE),Mohaajir,0,0.0358603921196713,0.7884615384615384,0.2616407360222314,0.1098975627880132,0.0740371706683419,BET
RID1851-IE-14,2014-11-23,Navan,12:25,I.N.H. Stallion Owners European Breeders Fund Maiden Hurdle,Class 5,4yo+,16.0,3200,Soft,14,Hurdle,Handicap,11.0,2014.0,2014 - 11,11,11520.0,Another Rattler,P J Rothwell,Mark Walsh,50/1,51.0,5,11-12,166,,,57.0,105.0,Mountain High (IRE),Heather's Perk (IRE),Executive Perk,0,0.014766043813982301,0.6089743589743589,0.1930285383620953,0.08107822289845683,0.06631217908447452,BET
RID1851-IE-14,2014-11-23,Navan,12:25,I.N.H. Stallion Owners European Breeders Fund Maiden Hurdle,Class 5,4yo+,16.0,3200,Soft,14,Hurdle,Handicap,11.0,2014.0,2014 - 11,11,11520.0,Topper Thornton,C A McBratney,A P Heskin,50/1,51.0,5,11-12,166,,,54.0,103.0,Double Eclipse (IRE),Gailybay Ellen (IRE),Supreme Leader,0,0.014766043813982301,0.5876068376068376,0.1866182819518389,0.07838570808962539,0.06361966427564308,BET
RID1851-IE-14,2014-11-23,Navan,12:25,I.N.H. Stallion Owners European Breeders Fund Maiden Hurdle,Class 5,4yo+,16.0,3200,Soft,14,Hurdle,Handicap,11.0,2014.0,2014 - 11,11,11520.0,Scorpion Wells,Ms Margaret Mullins,Andrew J McNamara,20/1,21.0,4,11-9,163,,,51.0,99.0,Scorpion (IRE),Millwell (IRE),Milan,0,0.0358603921196713,0.5363247863247863,0.18599971038120577,0.0781258880438021,0.04226549592413081,WATCH
RID1851-IE-14,2014-11-23,Navan,12:25,I.N.H. Stallion Owners European Breeders Fund Maiden Hurdle,Class 5,4yo+,16.0,3200,Soft,14,Hurdle,Handicap,11.0,2014.0,2014 - 11,11,11520.0,Dollar And A Dream,A J Martin,Brian O'Connell,50/1,51.0,5,11-12,166,,,34.0,87.0,Fruits Of Love (USA),Gorgeous Georgina (IRE),Tirol,0,0.014766043813982301,0.32905982905982906,0.10905417938773633,0.045806278902764855,0.031040235088782554,WATCH
RID1851-IE-14,2014-11-23,Navan,12:25,I.N.H. Stallion Owners European Breeders Fund Maiden Hurdle,Class 5,4yo+,16.0,3200,Soft,14,Hurdle,Handicap,11.0,2014.0,2014 - 11,11,11520.0,Sunsharp,Mrs Gillian Callaghan,Keith Donoghue,66/1,67.0,6,11-5,159,h,,16.0,72.0,Sunshine Street (USA),Princesse Sharpo (USA),Trempolino,0,0.01123982439571787,0.18162393162393162,0.06235505656418199,0.02619113845991489,0.01495131406419702,SKIP
RID1851-IE-14,2014-11-23,Navan,12:25,I.N.H. Stallion Owners European Breeders Fund Maiden Hurdle,Class 5,4yo+,16.0,3200,Soft,14,Hurdle,Handicap,11.0,2014.0,2014 - 11,11,11520.0,Two Cool Shabra,Anthony McCann,Jonathan Moore,66/1,67.0,4,11-2,156,,,,44.0,One Cool Cat (USA),Mabrooka (USA),Bahri,0,0.01123982439571787,0.05982905982905983,0.025816595025720458,0.010843804049575637,-0.00039602034614223333,SKIP
RID1851-IE-14,2014-11-23,Navan,12:25,I.N.H. Stallion Owners European Breeders Fund Maiden Hurdle,Class 5,4yo+,16.0,3200,Soft,14,Hurdle,Handicap,11.0,2014.0,2014 - 11,11,11520.0,Phone Booth,Robert Tyner,Phillip Enright,50/1,51.0,6,11-5,159,,,,41.0,Catcher In The Rye (IRE),Secret Flutter (IRE),Entrepreneur,0,0.014766043813982301,0.04700854700854701,0.02443879477235171,0.010265083426189732,-0.004500960387792569,SKIP
RID1852-IE-14,2014-11-23,Navan,1:55,Irish Stallion Farms European Breeders Fund Beginners Chase,,4yo+,17.0,3400,Soft,14,Chase,Even,11.0,2014.0,2014 - 11,16,14400.0,Vautour,W P Mullins,R Walsh,2/11F,1.18,5,11-12,166,,,99.0,152.0,Robin Des Champs (FR),Gazelle De Mai (FR),Dom Pasquini,1,0.5842614164865234,1.0,0.7089829915405663,0.24159315570189677,-0.34266826078462664,SKIP
RID1852-IE-14,2014-11-23,Navan,1:55,Irish Stallion Farms European Breeders Fund Beginners Chase,,4yo+,17.0,3400,Soft,14,Chase,Even,11.0,2014.0,2014 - 11,16,14400.0,Clarcam,Gordon Elliott,B J Cooper,6/1,7.0,4,11-0,154,t,,77.0,126.0,Califet (FR),Rose Beryl (FR),Lost World,0,0.09848978163629965,0.8226495726495726,0.3157377189402815,0.10759083476339867,0.009101053127099024,SKIP
RID1852-IE-14,2014-11-23,Navan,1:55,Irish Stallion Farms European Breeders Fund Beginners Chase,,4yo+,17.0,3400,Soft,14,Chase,Even,11.0,2014.0,2014 - 11,16,14400.0,Viconte Du Noyer,Henry De Bromhead,Jonathan Burke,10/1,11.0,5,11-9,163,t,,80.0,132.0,Martaline (GB),Zouk Wood (USA),Woodman,0,0.06267531558673614,0.8910256410256411,0.3111804132184076,0.10603788654886759,0.04336257096213145,WATCH
RID1852-IE-14,2014-11-23,Navan,1:55,Irish Stallion Farms European Breeders Fund Beginners Chase,,4yo+,17.0,3400,Soft,14,Chase,Even,11.0,2014.0,2014 - 11,16,14400.0,Minella Foru,Edward P Harty,Mark Walsh,12/1,13.0,5,11-12,166,,,74.0,125.0,King's Theatre (IRE),Shannon Rose (IRE),Topanoora,0,0.05303295934262289,0.8055555555555556,0.2787897382065027,0.09500043503760248,0.04196747569497959,WATCH
RID1852-IE-14,2014-11-23,Navan,1:55,Irish Stallion Farms European Breeders Fund Beginners Chase,,4yo+,17.0,3400,Soft,14,Chase,Even,11.0,2014.0,2014 - 11,16,14400.0,Dysios,Denis W Cullen,Robbie Power,50/1,51.0,6,11-12,166,,,75.0,126.0,Invincible Spirit (IRE),Hataana (USA),Robellino,0,0.013518205322629364,0.8226495726495726,0.25625761552071236,0.08732238536747734,0.07380418004484798,BET
RID1852-IE-14,2014-11-23,Navan,1:55,Irish Stallion Farms European Breeders Fund Beginners Chase,,4yo+,17.0,3400,Soft,14,Chase,Even,11.0,2014.0,2014 - 11,16,14400.0,Western Boy,P A Fahy,Alan Crowe,10/1,11.0,5,11-12,166,,,42.0,100.0,Antonius Pius (USA),Skala (IRE),Hernando,0,0.06267531558673614,0.5534188034188035,0.2098983619363563,0.07152499882497068,0.00884968323823454,SKIP
RID1852-IE-14,2014-11-23,Navan,1:55,Irish Stallion Farms European Breeders Fund Beginners Chase,,4yo+,17.0,3400,Soft,14,Chase,Even,11.0,2014.0,2014 - 11,16,14400.0,Owens Pride,Michael G Cleary,Danny Mullins,66/1,67.0,7,11-12,166,t,,43.0,101.0,Spadoun (FR),Monte Rosa (IRE),Supreme Leader,0,0.010289977185882053,0.5747863247863247,0.17963888146601484,0.06121377350087006,0.05092379631498801,BET
RID1852-IE-14,2014-11-23,Navan,1:55,Irish Stallion Farms European Breeders Fund Beginners Chase,,4yo+,17.0,3400,Soft,14,Chase,Even,11.0,2014.0,2014 - 11,16,14400.0,The Housekeeper,David Harry Kelly,Mark Enright,25/1,26.0,7,11-5,159,h,,37.0,95.0,Heron Island (IRE),The Wounded Cook (IRE),Muroto,0,0.026516479671311446,0.44871794871794873,0.15317692038530262,0.052196591481230244,0.025680111809918797,WATCH
RID1852-IE-14,2014-11-23,Navan,1:55,Irish Stallion Farms European Breeders Fund Beginners Chase,,4yo+,17.0,3400,Soft,14,Chase,Even,11.0,2014.0,2014 - 11,16,14400.0,Third Opinion,T J Taaffe,Ger Fox,50/1,51.0,6,11-7,161,,,29.0,91.0,Zagreb (USA),Toulon Pass (IRE),Toulon,0,0.013518205322629364,0.38675213675213677,0.12548838475148158,0.042761441723964885,0.02924323640133552,WATCH
RID1852-IE-14,2014-11-23,Navan,1:55,Irish Stallion Farms European Breeders Fund Beginners Chase,,4yo+,17.0,3400,Soft,14,Chase,Even,11.0,2014.0,2014 - 11,16,14400.0,Festive Felon,Noel Meade,Paul Carberry,50/1,51.0,7,11-12,166,,,23.0,86.0,Gold Well (GB),Takara (IRE),Shernazar,0,0.013518205322629364,0.2948717948717949,0.09792428218737902,0.03336869379910687,0.019850488476477503,SKIP
RID1852-IE-14,2014-11-23,Navan,1:55,Irish Stallion Farms European Breeders Fund Beginners Chase,,4yo+,17.0,3400,Soft,14,Chase,Even,11.0,2014.0,2014 - 11,16,14400.0,White Arm,A J Martin,A P Heskin,66/1,67.0,5,11-12,166,,,22.0,85.0,Turgeon (USA),White Consel (FR),Leading Counsel,0,0.010289977185882053,0.2692307692307692,0.08797221479934819,0.029977425750760848,0.019687448564878793,SKIP
RID1852-IE-14,2014-11-23,Navan,1:55,Irish Stallion Farms European Breeders Fund Beginners Chase,,4yo+,17.0,3400,Soft,14,Chase,Even,11.0,2014.0,2014 - 11,16,14400.0,Leighinmohr,I R Ferguson,Liam McKenna,66/1,67.0,7,11-5,159,,,17.0,82.0,Catcher In The Rye (IRE),Winning Sally (IRE),Lancastrian,0,0.010289977185882053,0.24358974358974358,0.0802799071070405,0.027356193771730705,0.01706621658584865,SKIP
RID1852-IE-14,2014-11-23,Navan,1:55,Irish Stallion Farms European Breeders Fund Beginners Chase,,4yo+,17.0,3400,Soft,14,Chase,Even,11.0,2014.0,2014 - 11,16,14400.0,Flaming Dawn,E J O'Grady,Niall P Madden,50/1,51.0,6,11-12,166,,,,70.0,Flemensfirth (USA),Saddlers Dawn (IRE),Saddlers' Hall,0,0.013518205322629364,0.1581196581196581,0.05689864116173799,0.019388789910946103,0.005870584588316739,SKIP
RID1852-IE-14,2014-11-23,Navan,1:55,Irish Stallion Farms European Breeders Fund Beginners Chase,,4yo+,17.0,3400,Soft,14,Chase,Even,11.0,2014.0,2014 - 11,16,14400.0,Divine Rhapsody,P J Rothwell,Brian O'Connell,66/1,67.0,8,11-12,166,,,,51.0,City Honours (USA),Cyrils Girle (IRE),Top Of The World,0,0.010289977185882053,0.07478632478632478,0.02963888146601487,0.010099749909782262,-0.00019022727609979175,SKIP
RID1852-IE-14,2014-11-23,Navan,1:55,Irish Stallion Farms European Breeders Fund Beginners Chase,,4yo+,17.0,3400,Soft,14,Chase,Even,11.0,2014.0,2014 - 11,16,14400.0,Capital Pursuit,Robert Tyner,Phillip Enright,66/1,67.0,5,11-12,166,,,,49.0,Beneficial (GB),Dare To Venture (IRE),Darazari,0,0.010289977185882053,0.06837606837606838,0.027715804542937948,0.009444441915024726,-0.0008455352708573276,SKIP
RID1852-IE-14,2014-11-23,Navan,1:55,Irish Stallion Farms European Breeders Fund Beginners Chase,,4yo+,17.0,3400,Soft,14,Chase,Even,11.0,2014.0,2014 - 11,16,14400.0,Ardmillan,S R B Crawford,Robbie Colgan,100/1,101.0,6,11-12,166,,,,38.0,Golan (IRE),Black Gayle (IRE),Strong Gale,0,0.00682602446984255,0.03418803418803419,0.01503462738530004,0.005123201992369607,-0.0017028224774729437,SKIP
RID1853-IE-14,2014-11-23,Navan,3:25,ITBA Fillies Scheme European Breeders Fund Mares INH Flat Race,Listed,4-7yo F,16.0,3200,Soft,14,Bumper,Even,11.0,2014.0,2014 - 11,15,33600.0,Lyrical Theatre,W P Mullins,Mr P W Mullins,11/8F,2.38,5,11-9,163,,,56.0,124.0,King's Theatre (IRE),Shuil Dorcha (IRE),Bob Back,1,0.3207095055261638,0.7970085470085471,0.4635992179708788,0.1973300900503603,-0.12337941547580347,SKIP
RID1853-IE-14,2014-11-23,Navan,3:25,ITBA Fillies Scheme European Breeders Fund Mares INH Flat Race,Listed,4-7yo F,16.0,3200,Soft,14,Bumper,Even,11.0,2014.0,2014 - 11,15,33600.0,Twentytwo's Taken,S R B Crawford,Mr S Crawford,7/4,2.75,6,11-9,163,,,45.0,112.0,King's Theatre (IRE),Persian Desert (IRE),Persian Mews,0,0.27755949932809815,0.6752136752136753,0.3968557520937712,0.16892086582981797,-0.10863863349828018,SKIP
RID1853-IE-14,2014-11-23,Navan,3:25,ITBA Fillies Scheme European Breeders Fund Mares INH Flat Race,Listed,4-7yo F,16.0,3200,Soft,14,Bumper,Even,11.0,2014.0,2014 - 11,15,33600.0,Emcon,W J Austin,Miss J M Mangan,25/1,26.0,5,11-6,160,,,32.0,101.0,Vinnie Roe (IRE),So Supreme (IRE),Supreme Leader,0,0.029357254736625767,0.5747863247863247,0.19298597575153545,0.08214409881920741,0.05278684408258164,BET
RID1853-IE-14,2014-11-23,Navan,3:25,ITBA Fillies Scheme European Breeders Fund Mares INH Flat Race,Listed,4-7yo F,16.0,3200,Soft,14,Bumper,Even,11.0,2014.0,2014 - 11,15,33600.0,Star Counsel,Edmond Kent,Mr C Motherway,40/1,41.0,6,11-6,160,,,34.0,103.0,Overbury (IRE),Star Club (IRE),Bluebird,0,0.01861679568664073,0.5876068376068376,0.1893138082626998,0.08058104799176305,0.06196425230512232,BET
RID1853-IE-14,2014-11-23,Navan,3:25,ITBA Fillies Scheme European Breeders Fund Mares INH Flat Race,Listed,4-7yo F,16.0,3200,Soft,14,Bumper,Even,11.0,2014.0,2014 - 11,15,33600.0,Ma Garrett,John W Nicholson,David Mullins,50/1,51.0,4,10-13,153,,,33.0,101.0,Mahler (GB),Supreme Matriarch (IRE),Supreme Leader,0,0.014966443591220978,0.5747863247863247,0.18291240794975208,0.07785630461162704,0.06288986102040606,BET
RID1853-IE-14,2014-11-23,Navan,3:25,ITBA Fillies Scheme European Breeders Fund Mares INH Flat Race,Listed,4-7yo F,16.0,3200,Soft,14,Bumper,Even,11.0,2014.0,2014 - 11,15,33600.0,Jennys Melody,Benjamin Arthey,Niall Kelly,50/1,51.0,5,11-6,160,h,,30.0,100.0,Gamut (IRE),Pharaway Stream (IRE),Phardante,0,0.014966443591220978,0.5534188034188035,0.1765021515394957,0.07512779165119049,0.06016134805996951,BET
RID1853-IE-14,2014-11-23,Navan,3:25,ITBA Fillies Scheme European Breeders Fund Mares INH Flat Race,Listed,4-7yo F,16.0,3200,Soft,14,Bumper,Even,11.0,2014.0,2014 - 11,15,33600.0,Bonny Kate,Noel Meade,Ms N Carberry,6/1,7.0,4,10-13,153,,,15.0,87.0,Beneficial (GB),Peppardstown (IRE),Old Vic,0,0.10904123187889568,0.32905982905982906,0.17504681103317568,0.07450832884358907,-0.03453290303530661,SKIP
RID1853-IE-14,2014-11-23,Navan,3:25,ITBA Fillies Scheme European Breeders Fund Mares INH Flat Race,Listed,4-7yo F,16.0,3200,Soft,14,Bumper,Even,11.0,2014.0,2014 - 11,15,33600.0,Josephine Marcus,Noel Meade,Mr J P McKeown,20/1,21.0,4,11-3,157,,,10.0,84.0,Flemensfirth (USA),Tart Of Tipp (IRE),Saddlers' Hall,0,0.03634707729296523,0.25427350427350426,0.10172500538712693,0.04329904731348375,0.006951970020518526,SKIP
RID1853-IE-14,2014-11-23,Navan,3:25,ITBA Fillies Scheme European Breeders Fund Mares INH Flat Race,Listed,4-7yo F,16.0,3200,Soft,14,Bumper,Even,11.0,2014.0,2014 - 11,15,33600.0,Arise And Go Now,Edward Cawley,Mr J E Flynn,66/1,67.0,6,11-2,156,t,,13.0,86.0,Golan (IRE),Eljaybee (IRE),Mandalus,0,0.01139236750973537,0.2948717948717949,0.09643619571835323,0.041047875940144876,0.029655508430409504,WATCH
RID1853-IE-14,2014-11-23,Navan,3:25,ITBA Fillies Scheme European Breeders Fund Mares INH Flat Race,Listed,4-7yo F,16.0,3200,Soft,14,Bumper,Even,11.0,2014.0,2014 - 11,15,33600.0,Selective Hearing,Paul Nolan,Mr R P Quinlan,66/1,67.0,5,11-2,156,,,7.0,81.0,Flemensfirth (USA),Accordeon Royale (IRE),Accordion,0,0.01139236750973537,0.23717948717948717,0.07912850341066091,0.033680890946966156,0.022288523437230784,WATCH
RID1853-IE-14,2014-11-23,Navan,3:25,ITBA Fillies Scheme European Breeders Fund Mares INH Flat Race,Listed,4-7yo F,16.0,3200,Soft,14,Bumper,Even,11.0,2014.0,2014 - 11,15,33600.0,I'm All You Need,Paul Nolan,Mr Finian Maguire,33/1,34.0,4,10-13,153,,,,70.0,King's Theatre (IRE),Jolie Landaise (FR),Beaudelaire,0,0.022449665386831467,0.1581196581196581,0.06315066320667946,0.026879954871055912,0.004430289484224446,SKIP
RID1853-IE-14,2014-11-23,Navan,3:25,ITBA Fillies Scheme European Breeders Fund Mares INH Flat Race,Listed,4-7yo F,16.0,3200,Soft,14,Bumper,Even,11.0,2014.0,2014 - 11,15,33600.0,Belle Of The Moor,Mrs John Harrington,Miss K Harrington,16/1,17.0,5,11-2,156,,,,60.0,King's Theatre (IRE),Tempest Belle (IRE),Glacial Storm,0,0.044899330773662934,0.1047008547008547,0.06283978795182046,0.026747631433789873,-0.01815169933987306,SKIP
RID1853-IE-14,2014-11-23,Navan,3:25,ITBA Fillies Scheme European Breeders Fund Mares INH Flat Race,Listed,4-7yo F,16.0,3200,Soft,14,Bumper,Even,11.0,2014.0,2014 - 11,15,33600.0,Side Saddle,Ms Sandra Hughes,Mr J J King,14/1,15.0,4,10-13,153,,,,58.0,King's Theatre (IRE),Steel Grey Lady (IRE),Roselier,0,0.05088590821015132,0.08974358974358974,0.06254321267018284,0.026621394751837706,-0.024264513458313614,SKIP
RID1853-IE-14,2014-11-23,Navan,3:25,ITBA Fillies Scheme European Breeders Fund Mares INH Flat Race,Listed,4-7yo F,16.0,3200,Soft,14,Bumper,Even,11.0,2014.0,2014 - 11,15,33600.0,Killultagh Sarah,C A McBratney,Mr N McParlan,33/1,34.0,6,11-2,156,,,,65.0,Definite Article (GB),Killultagh Dawn (IRE),Phardante,0,0.022449665386831467,0.13034188034188035,0.05481732987334613,0.023332888022488382,0.0008832226356569155,SKIP
RID1853-IE-14,2014-11-23,Navan,3:25,ITBA Fillies Scheme European Breeders Fund Mares INH Flat Race,Listed,4-7yo F,16.0,3200,Soft,14,Bumper,Even,11.0,2014.0,2014 - 11,15,33600.0,The Tinker Molly,Colin Bowe,Mr D G Lavery,50/1,51.0,6,11-2,156,,,,66.0,Flemensfirth (USA),Titian Blonde (IRE),Callernish,0,0.014966443591220978,0.13675213675213677,0.05150215153949571,0.021921788922677564,0.006955345331456586,SKIP
RID1854-IE-14,2014-11-23,Navan,2:25,Ladbrokes Troytown Handicap Chase,0-150,4yo+,24.0,4800,Soft,14,Chase,Handicap,11.0,2014.0,2014 - 11,25,94000.0,Balbriggan,Gordon Elliott,Kevin Sexton,4/1F,5.0,7,9-13,139,t,121.0,60.0,134.0,King's Theatre (IRE),Halfway Home (GB),Presenting,1,0.16676620902588773,0.9038461538461539,0.38789019247196754,0.08173830882834922,-0.08502790019753852,SKIP
RID1854-IE-14,2014-11-23,Navan,2:25,Ladbrokes Troytown Handicap Chase,0-150,4yo+,24.0,4800,Soft,14,Chase,Handicap,11.0,2014.0,2014 - 11,25,94000.0,Groody Hill,C Roche,Jody McGarvey,8/1,9.0,8,10-4,144,tp,127.0,63.0,137.0,Alderbrook (GB),Secret Leave (GB),Long Leave,0,0.09264789390327095,0.9465811965811965,0.3488278847066486,0.07350688911824554,-0.01914100478502541,SKIP
RID1854-IE-14,2014-11-23,Navan,2:25,Ladbrokes Troytown Handicap Chase,0-150,4yo+,24.0,4800,Soft,14,Chase,Handicap,11.0,2014.0,2014 - 11,25,94000.0,Owega Star,Peter Fahey,Davy Russell,12/1,13.0,7,11-0,154,t,134.0,70.0,144.0,Basanta (IRE),Los Monteros (IRE),College Chapel,0,0.06414084962534145,0.9807692307692307,0.3391293639685082,0.07146316463472548,0.007322315009384031,SKIP
RID1854-IE-14,2014-11-23,Navan,2:25,Ladbrokes Troytown Handicap Chase,0-150,4yo+,24.0,4800,Soft,14,Chase,Handicap,11.0,2014.0,2014 - 11,25,94000.0,My Murphy,W J Burke,Robbie Power,16/1,17.0,8,11-7,161,,141.0,73.0,146.0,Presenting (GB),Fine De Claire (GB),Teenoso,0,0.049048885007614035,0.9914529914529915,0.33177011694122727,0.06991238449659794,0.020863499488983903,WATCH
RID1854-IE-14,2014-11-23,Navan,2:25,Ladbrokes Troytown Handicap Chase,0-150,4yo+,24.0,4800,Soft,14,Chase,Handicap,11.0,2014.0,2014 - 11,25,94000.0,Back Off Mate,A L T Moore,D J Casey,9/1,10.0,6,10-2,142,,122.0,54.0,128.0,Old Vic (GB),Flyhalf (IRE),Be My Native,0,0.08338310451294387,0.8482905982905983,0.3128553526462402,0.06592656357262389,-0.01745654094031998,SKIP
RID1854-IE-14,2014-11-23,Navan,2:25,Ladbrokes Troytown Handicap Chase,0-150,4yo+,24.0,4800,Soft,14,Chase,Handicap,11.0,2014.0,2014 - 11,25,94000.0,Pandorama,Noel Meade,Paul Carberry,16/1,17.0,11,11-2,156,,136.0,61.0,134.0,Flemensfirth (USA),Gretchen's Castle (IRE),Carlingford Castle,0,0.049048885007614035,0.9038461538461539,0.30548806565917597,0.06437408921090294,0.015325204203288909,SKIP
RID1854-IE-14,2014-11-23,Navan,2:25,Ladbrokes Troytown Handicap Chase,0-150,4yo+,24.0,4800,Soft,14,Chase,Handicap,11.0,2014.0,2014 - 11,25,94000.0,Colbert Station,T M Walsh,Niall P Madden,33/1,34.0,10,11-7,161,t,141.0,66.0,138.0,Witness Box (USA),Laurenca's Girl (IRE),Commanche Run,0,0.024524442503807017,0.9572649572649573,0.30434659693215205,0.06413355277781402,0.039609110274007,WATCH
RID1854-IE-14,2014-11-23,Navan,2:25,Ladbrokes Troytown Handicap Chase,0-150,4yo+,24.0,4800,Soft,14,Chase,Handicap,11.0,2014.0,2014 - 11,25,94000.0,Dogora,W P Mullins,R Walsh,16/1,17.0,5,11-3,157,,139.0,57.0,129.0,Robin Des Pres (FR),Garde De Nuit (FR),Courtroom,0,0.049048885007614035,0.8611111111111112,0.2926675528386632,0.06167248175446637,0.012623596746852338,SKIP
RID1854-IE-14,2014-11-23,Navan,2:25,Ladbrokes Troytown Handicap Chase,0-150,4yo+,24.0,4800,Soft,14,Chase,Handicap,11.0,2014.0,2014 - 11,25,94000.0,He'llberemembered,P G Fahey,Jonathan Burke,20/1,21.0,11,11-1,155,,138.0,59.0,131.0,Blue Ocean (USA),Remember Rob (IRE),Deep Society,0,0.039706240244258985,0.8824786324786325,0.29253795791457105,0.061645172814633366,0.02193893257037438,WATCH
RID1854-IE-14,2014-11-23,Navan,2:25,Ladbrokes Troytown Handicap Chase,0-150,4yo+,24.0,4800,Soft,14,Chase,Handicap,11.0,2014.0,2014 - 11,25,94000.0,Vasco Du Mee,Gordon Elliott,Robbie Colgan,20/1,21.0,5,10-3,143,tb,125.0,55.0,128.0,Goldneyev (USA),British Nellerie (FR),Le Pontet,0,0.039706240244258985,0.8482905982905983,0.28228154765816077,0.059483886849484094,0.01977764660522511,SKIP
RID1854-IE-14,2014-11-23,Navan,2:25,Ladbrokes Troytown Handicap Chase,0-150,4yo+,24.0,4800,Soft,14,Chase,Handicap,11.0,2014.0,2014 - 11,25,94000.0,Nearly Nama'd,Ms Sandra Hughes,Mark Walsh,16/1,17.0,6,10-9,149,h,129.0,54.0,126.0,Millenary (GB),Coca's Well (IRE),Religiously,0,0.049048885007614035,0.8226495726495726,0.2811290913002016,0.05924103504367343,0.010192150036059396,SKIP
RID1854-IE-14,2014-11-23,Navan,2:25,Ladbrokes Troytown Handicap Chase,0-150,4yo+,24.0,4800,Soft,14,Chase,Handicap,11.0,2014.0,2014 - 11,25,94000.0,Subtle Ben,Miss Elizabeth Doyle,Brian O'Connell,20/1,21.0,7,10-5,145,,125.0,48.0,120.0,Subtle Power (IRE),Benfrasea (IRE),Beneficial,0,0.039706240244258985,0.7585470085470085,0.25535847073508383,0.053810511190967275,0.01410427094670829,SKIP
RID1854-IE-14,2014-11-23,Navan,2:25,Ladbrokes Troytown Handicap Chase,0-150,4yo+,24.0,4800,Soft,14,Chase,Handicap,11.0,2014.0,2014 - 11,25,94000.0,Living Next Door,A J Martin,Barry Geraghty,10/1,11.0,8,10-11,151,,131.0,38.0,109.0,Beneficial (GB),Except Alice (IRE),Orchestra,0,0.07580282228449442,0.6388888888888888,0.24472864226581276,0.05157053653041576,-0.02423228575407866,SKIP
RID1854-IE-14,2014-11-23,Navan,2:25,Ladbrokes Troytown Handicap Chase,0-150,4yo+,24.0,4800,Soft,14,Chase,Handicap,11.0,2014.0,2014 - 11,25,94000.0,Benemeade,Noel Meade,Ger Fox,25/1,26.0,6,10-4,144,,129.0,41.0,112.0,Beneficial (GB),Millicent Bridge (IRE),Over The River,0,0.03207042481267072,0.6752136752136753,0.22501339993297206,0.04741603456645095,0.015345609753780229,SKIP
RID1854-IE-14,2014-11-23,Navan,2:25,Ladbrokes Troytown Handicap Chase,0-150,4yo+,24.0,4800,Soft,14,Chase,Handicap,11.0,2014.0,2014 - 11,25,94000.0,Bose Ikard,Noel Meade,Denis O'Regan,16/1,17.0,6,10-4,144,p,124.0,35.0,106.0,Brian Boru (GB),Dolldyedee (IRE),Torus,0,0.049048885007614035,0.6196581196581197,0.22023165540276574,0.04640839962559969,-0.0026404853820143417,SKIP
RID1854-IE-14,2014-11-23,Navan,2:25,Ladbrokes Troytown Handicap Chase,0-150,4yo+,24.0,4800,Soft,14,Chase,Handicap,11.0,2014.0,2014 - 11,25,94000.0,Shamiran,Rodger Sweeney,David Splaine,33/1,34.0,9,10-0,140,b,123.0,23.0,93.0,Polish Precedent (USA),Sharemata (IRE),Doyoun,0,0.024524442503807017,0.4166666666666667,0.14216710975266492,0.029958218453891294,0.005433775950084277,SKIP
RID1854-IE-14,2014-11-23,Navan,2:25,Ladbrokes Troytown Handicap Chase,0-150,4yo+,24.0,4800,Soft,14,Chase,Handicap,11.0,2014.0,2014 - 11,25,94000.0,Chicago Grey,Gordon Elliott,Keith Donoghue,25/1,26.0,11,11-3,157,tb,137.0,22.0,91.0,Luso (GB),Carrigeen Acer (IRE),Lord Americo,0,0.03207042481267072,0.38675213675213677,0.13847493839451053,0.029180184235504038,-0.0028902405771666848,SKIP
RID1854-IE-14,2014-11-23,Navan,2:25,Ladbrokes Troytown Handicap Chase,0-150,4yo+,24.0,4800,Soft,14,Chase,Handicap,11.0,2014.0,2014 - 11,25,94000.0,Rough Justice,W P Mullins,Paul Townend,20/1,21.0,6,10-10,150,,130.0,,40.0,Beneficial (GB),Ringzar (IRE),Shernazar,0,0.039706240244258985,0.042735042735042736,0.04061488099149411,0.008558586295654572,-0.031147653948604415,SKIP
RID1855-IE-14,2014-11-23,Navan,12:55,Monksfield Novice Hurdle,Grade 2,4yo+,20.0,4000,Soft,14,Hurdle,Even,11.0,2014.0,2014 - 11,7,36000.0,Free Expression,Gordon Elliott,Mark Walsh,11/10F,2.1,5,11-3,157,,,118.0,141.0,Germany (USA),Create A Storm (IRE),Bob Back,1,0.5758240810916627,0.9722222222222222,0.6947435234308306,0.31269471914370905,-0.26312936194795367,SKIP
RID1855-IE-14,2014-11-23,Navan,12:55,Monksfield Novice Hurdle,Grade 2,4yo+,20.0,4000,Soft,14,Hurdle,Even,11.0,2014.0,2014 - 11,7,36000.0,Rock The World,Mrs John Harrington,Barry Geraghty,15/2,8.5,6,11-3,157,t,123.0,112.0,136.0,Orpen (USA),Sue N Win (IRE),Beneficial,0,0.1422624200344108,0.9316239316239316,0.37907087351126706,0.17061470359999326,0.028352283565582448,WATCH
RID1855-IE-14,2014-11-23,Navan,12:55,Monksfield Novice Hurdle,Grade 2,4yo+,20.0,4000,Soft,14,Hurdle,Even,11.0,2014.0,2014 - 11,7,36000.0,Kauto Grand Mogol,Miss Elizabeth Doyle,Brian O'Connell,15/2,8.5,6,11-3,157,,,99.0,121.0,Priolo (USA),Kauto Relka (FR),Port Etienne,0,0.1422624200344108,0.7713675213675214,0.330993950434344,0.14897592691216865,0.006713506877757847,SKIP
RID1855-IE-14,2014-11-23,Navan,12:55,Monksfield Novice Hurdle,Grade 2,4yo+,20.0,4000,Soft,14,Hurdle,Even,11.0,2014.0,2014 - 11,7,36000.0,Shantou Flyer,Colin Bowe,Andrew J McNamara,40/1,41.0,4,10-13,153,t,118.0,113.0,136.0,Shantou (USA),Carrigmorna Flyer (IRE),Bob Back,0,0.029493428543719315,0.9316239316239316,0.300132579467783,0.1350856387679577,0.1055922102242384,BET
RID1855-IE-14,2014-11-23,Navan,12:55,Monksfield Novice Hurdle,Grade 2,4yo+,20.0,4000,Soft,14,Hurdle,Even,11.0,2014.0,2014 - 11,7,36000.0,Fort Smith,Gordon Elliott,B J Cooper,20/1,21.0,5,11-3,157,tb,123.0,95.0,119.0,Presenting (GB),Land Of Honour (GB),Supreme Leader,0,0.057582408109166275,0.7457264957264957,0.2640256343943651,0.11883438824443437,0.0612519801352681,BET
RID1855-IE-14,2014-11-23,Navan,12:55,Monksfield Novice Hurdle,Grade 2,4yo+,20.0,4000,Soft,14,Hurdle,Even,11.0,2014.0,2014 - 11,7,36000.0,Sang Tiger,J J Lambe,Paul Townend,22/1,23.0,6,11-3,157,,127.0,94.0,116.0,Konigstiger (GER),Sang Sun (GER),Monsun,0,0.05257524218663008,0.7200854700854701,0.2528283105562821,0.11379462333173689,0.061219381145106805,BET
RID1856-IE-14,2014-11-23,Navan,1:25,Navan Race Membership Club Now Available Handicap Hurdle,80-109,4yo+,16.0,3200,Soft,14,Hurdle,Handicap,11.0,2014.0,2014 - 11,22,9600.0,Glenquest,S R B Crawford,Barry Geraghty,11/2,6.5,11,11-9,163,,106.0,87.0,122.0,Turtle Island (IRE),Solar Quest (IRE),King's Ride,1,0.10797177023440789,0.7799145299145299,0.3095545981384445,0.09029640484217903,-0.01767536539222886,SKIP
RID1856-IE-14,2014-11-23,Navan,1:25,Navan Race Membership Club Now Available Handicap Hurdle,80-109,4yo+,16.0,3200,Soft,14,Hurdle,Handicap,11.0,2014.0,2014 - 11,22,9600.0,Zigger Zagger,Noel Meade,Paul Carberry,9/2F,5.5,5,11-5,159,h,102.0,75.0,111.0,Mountain High (IRE),Main Suspect (IRE),Be My Native,0,0.12760300118611842,0.6581196581196581,0.2867579982661803,0.08364668610606607,-0.04395631508005235,SKIP
RID1856-IE-14,2014-11-23,Navan,1:25,Navan Race Membership Club Now Available Handicap Hurdle,80-109,4yo+,16.0,3200,Soft,14,Hurdle,Handicap,11.0,2014.0,2014 - 11,22,9600.0,Luddsdenene,Gordon Elliott,B J Cooper,17/2,9.5,9,11-10,164,t,107.0,77.0,113.0,Beneficial (GB),Kilcowan (IRE),Beau Sher,0,0.0738754217393317,0.6901709401709402,0.25876407726881423,0.0754809200709331,0.001605498331601396,SKIP
RID1856-IE-14,2014-11-23,Navan,1:25,Navan Race Membership Club Now Available Handicap Hurdle,80-109,4yo+,16.0,3200,Soft,14,Hurdle,Handicap,11.0,2014.0,2014 - 11,22,9600.0,Balkinstown,F Flood,Mark Walsh,15/2,8.5,4,11-1,155,,101.0,75.0,110.0,Westerner (GB),Graffogue (IRE),Red Sunset,0,0.08256664782631191,0.6495726495726496,0.2526684483502132,0.07370283833701058,-0.008863809489301336,SKIP
RID1856-IE-14,2014-11-23,Navan,1:25,Navan Race Membership Club Now Available Handicap Hurdle,80-109,4yo+,16.0,3200,Soft,14,Hurdle,Handicap,11.0,2014.0,2014 - 11,22,9600.0,Inesperate,A J Martin,R Walsh,6/1,7.0,7,11-3,157,,100.0,62.0,100.0,Solon (GER),Irone (FR),Iron Duke,0,0.10025950093195017,0.5534188034188035,0.23620729167800614,0.06890115464055527,-0.031358346291394903,SKIP
RID1856-IE-14,2014-11-23,Navan,1:25,Navan Race Membership Club Now Available Handicap Hurdle,80-109,4yo+,16.0,3200,Soft,14,Hurdle,Handicap,11.0,2014.0,2014 - 11,22,9600.0,Holeinthewall Bar,Michael Hourigan,Andrew J McNamara,16/1,17.0,6,11-8,162,,105.0,77.0,113.0,Westerner (GB),Cockpit Lady (IRE),Commanche Run,0,0.04128332391315596,0.6901709401709402,0.2359496087904912,0.06882598910119041,0.02754266518803445,WATCH
RID1856-IE-14,2014-11-23,Navan,1:25,Navan Race Membership Club Now Available Handicap Hurdle,80-109,4yo+,16.0,3200,Soft,14,Hurdle,Handicap,11.0,2014.0,2014 - 11,22,9600.0,Moreece,Timothy Doyle,Martin Burke,50/1,51.0,5,10-13,153,,103.0,81.0,115.0,Chevalier (IRE),Jumbo Romance (IRE),Tagula,0,0.013761107971051985,0.7029914529914529,0.22053021147717225,0.06432818435011009,0.05056707637905811,BET
RID1856-IE-14,2014-11-23,Navan,1:25,Navan Race Membership Club Now Available Handicap Hurdle,80-109,4yo+,16.0,3200,Soft,14,Hurdle,Handicap,11.0,2014.0,2014 - 11,22,9600.0,Obispo,C A McBratney,A P Heskin,15/2,8.5,8,10-8,148,h,91.0,59.0,96.0,Bishop Of Cashel (GB),Supreme Sensation (IRE),Supreme Leader,0,0.08256664782631191,0.4658119658119658,0.19754024322200808,0.057622060476128015,-0.0249445873501839,SKIP
RID1856-IE-14,2014-11-23,Navan,1:25,Navan Race Membership Club Now Available Handicap Hurdle,80-109,4yo+,16.0,3200,Soft,14,Hurdle,Handicap,11.0,2014.0,2014 - 11,22,9600.0,Sultana Belle,S R B Crawford,Mr A J Fox,16/1,17.0,6,10-8,148,,98.0,57.0,96.0,Black Sam Bellamy (IRE),Sultana (GER),Law Society,0,0.04128332391315596,0.4658119658119658,0.16864191648279891,0.04919248124778727,0.007909157334631316,SKIP
RID1856-IE-14,2014-11-23,Navan,1:25,Navan Race Membership Club Now Available Handicap Hurdle,80-109,4yo+,16.0,3200,Soft,14,Hurdle,Handicap,11.0,2014.0,2014 - 11,22,9600.0,Indian Whiskey,J A Nash,D J Casey,50/1,51.0,6,10-11,151,,94.0,,,Windsor Castle (GB),Caslain Nua (GB),Seymour Hicks,0,0.013761107971051985,0.5128205128205128,0.1634789294258902,0.047686449121987426,0.03392534115093544,WATCH
RID1856-IE-14,2014-11-23,Navan,1:25,Navan Race Membership Club Now Available Handicap Hurdle,80-109,4yo+,16.0,3200,Soft,14,Hurdle,Handicap,11.0,2014.0,2014 - 11,22,9600.0,Velocity Of Light,S R B Crawford,Ger Fox,33/1,34.0,5,10-6,146,,94.0,59.0,97.0,Kyllachy (GB),Irish Light (USA),Irish River,0,0.02064166195657798,0.4829059829059829,0.15932095824139944,0.04647357794625713,0.02583191598967915,WATCH
RID1856-IE-14,2014-11-23,Navan,1:25,Navan Race Membership Club Now Available Handicap Hurdle,80-109,4yo+,16.0,3200,Soft,14,Hurdle,Handicap,11.0,2014.0,2014 - 11,22,9600.0,Sin Miedo,Mrs John Harrington,Mark Bolger,14/1,15.0,4,11-7,161,p,107.0,50.0,92.0,Intikhab (USA),Xaviera (IRE),Xaar,0,0.04678776710157675,0.4017094017094017,0.15326425748392425,0.04470685147249848,-0.0020809156290782713,SKIP
RID1856-IE-14,2014-11-23,Navan,1:25,Navan Race Membership Club Now Available Handicap Hurdle,80-109,4yo+,16.0,3200,Soft,14,Hurdle,Handicap,11.0,2014.0,2014 - 11,22,9600.0,Oscar Fiain,J F Levins,Andrew Ring,20/1,21.0,6,11-5,159,,109.0,49.0,93.0,Oscar (IRE),Produzione (FR),Baby Turk,0,0.03341983364398339,0.4166666666666667,0.14839388355078836,0.04328617396021501,0.009866340316231619,SKIP
RID1856-IE-14,2014-11-23,Navan,1:25,Navan Race Membership Club Now Available Handicap Hurdle,80-109,4yo+,16.0,3200,Soft,14,Hurdle,Handicap,11.0,2014.0,2014 - 11,22,9600.0,Rebel Laker,Patrick Martin,Mr D J Benson,14/1,15.0,5,11-0,154,h,102.0,45.0,88.0,Brian Boru (GB),Leixlip Belle (IRE),Camden Town,0,0.04678776710157675,0.3547008547008547,0.13916169338136014,0.04059316411273781,-0.006194602988838935,SKIP
RID1856-IE-14,2014-11-23,Navan,1:25,Navan Race Membership Club Now Available Handicap Hurdle,80-109,4yo+,16.0,3200,Soft,14,Hurdle,Handicap,11.0,2014.0,2014 - 11,22,9600.0,Diesel Ten,Anthony McCann,Jonathan Moore,33/1,34.0,4,9-9,135,b,88.0,49.0,87.0,Refuse To Bend (IRE),Zoudie (GB),Ezzoud,0,0.02064166195657798,0.32905982905982906,0.1131671120875533,0.03301060113249498,0.012368939175917002,SKIP
RID1856-IE-14,2014-11-23,Navan,1:25,Navan Race Membership Club Now Available Handicap Hurdle,80-109,4yo+,16.0,3200,Soft,14,Hurdle,Handicap,11.0,2014.0,2014 - 11,22,9600.0,West Council,I Madden,Shane Shortall,33/1,34.0,9,9-7,133,p,81.0,47.0,85.0,Naheez (USA),Croi Na Ri (IRE),Broken Hearted,0,0.02064166195657798,0.2692307692307692,0.09521839413883534,0.02777499903825414,0.007133337081676162,SKIP
RID1856-IE-14,2014-11-23,Navan,1:25,Navan Race Membership Club Now Available Handicap Hurdle,80-109,4yo+,16.0,3200,Soft,14,Hurdle,Handicap,11.0,2014.0,2014 - 11,22,9600.0,Moonunderwater,R Donohoe,Danny Mullins,25/1,26.0,7,10-1,141,,84.0,39.0,79.0,Norwich (GB),Roseaustin (IRE),Roselier,0,0.026992942558601973,0.21794871794871795,0.08427967517563677,0.02458419844315508,-0.0024087441154468925,SKIP
RID1856-IE-14,2014-11-23,Navan,1:25,Navan Race Membership Club Now Available Handicap Hurdle,80-109,4yo+,16.0,3200,Soft,14,Hurdle,Handicap,11.0,2014.0,2014 - 11,22,9600.0,Seader,J J Lambe,Liam McKenna,40/1,41.0,9,11-0,154,,104.0,22.0,71.0,Mr Greeley (USA),Evangel (USA),Danzig,0,0.017117475768869544,0.16880341880341881,0.06262325867923432,0.01826706872468316,0.0011495929558136171,SKIP
RID1856-IE-14,2014-11-23,Navan,1:25,Navan Race Membership Club Now Available Handicap Hurdle,80-109,4yo+,16.0,3200,Soft,14,Hurdle,Handicap,11.0,2014.0,2014 - 11,22,9600.0,Salacious Sally,Donal Kinsella,Robbie Colgan,50/1,51.0,5,9-11,137,p,80.0,19.0,63.0,Excellent Art (GB),Highindi (GB),Montjeu,0,0.013761107971051985,0.11965811965811966,0.04553021147717228,0.013281063931261923,-0.0004800440397900625,SKIP
RID1856-IE-14,2014-11-23,Navan,1:25,Navan Race Membership Club Now Available Handicap Hurdle,80-109,4yo+,16.0,3200,Soft,14,Hurdle,Handicap,11.0,2014.0,2014 - 11,22,9600.0,Mclaren Vale,D M Christie,Ian McCarthy,33/1,34.0,6,10-8,148,,91.0,9.0,59.0,Darsi (FR),Lunar Approach (IRE),Mandalus,0,0.02064166195657798,0.09615384615384616,0.04329531721575843,0.01262915012277172,-0.008012511833806258,SKIP
RID1856-IE-14,2014-11-23,Navan,1:25,Navan Race Membership Club Now Available Handicap Hurdle,80-109,4yo+,16.0,3200,Soft,14,Hurdle,Handicap,11.0,2014.0,2014 - 11,22,9600.0,Myblueeyedgirl,Mrs Gillian Callaghan,Keith Donoghue,25/1,26.0,6,11-5,159,t,102.0,,42.0,Milan (GB),Needle Doll (IRE),Needle Gun,0,0.026992942558601973,0.05128205128205128,0.034279675175636765,0.009999306894912744,-0.01699363566368923,SKIP
RID1856-IE-14,2014-11-23,Navan,1:25,Navan Race Membership Club Now Available Handicap Hurdle,80-109,4yo+,16.0,3200,Soft,14,Hurdle,Handicap,11.0,2014.0,2014 - 11,22,9600.0,Knockea,Edward P Harty,Niall P Madden,33/1,34.0,4,10-2,142,t,88.0,,21.0,Alhaarth (IRE),Muluk (IRE),Rainbow Quest,0,0.02064166195657798,0.017094017094017096,0.01957736849780971,0.005710675926810612,-0.014930986029767366,SKIP
RID1857-IE-14,2014-11-23,Navan,2:55,Proudstown Handicap Hurdle,Grade C,4yo+,23.0,4600,Soft,14,Hurdle,Handicap,11.0,2014.0,2014 - 11,14,28800.0,Gallant Oscar,A J Martin,R Walsh,11/8F,2.38,8,10-4,144,,115.0,60.0,134.0,Oscar (IRE),Park Wave (IRE),Supreme Leader,0,0.34377168649960543,0.9038461538461539,0.5117940267035699,0.1494289129061518,-0.19434277359345364,SKIP
RID1857-IE-14,2014-11-23,Navan,2:55,Proudstown Handicap Hurdle,Grade C,4yo+,23.0,4600,Soft,14,Hurdle,Handicap,11.0,2014.0,2014 - 11,14,28800.0,Foxrock,T M Walsh,A P Heskin,8/1,9.0,6,11-3,157,,128.0,65.0,137.0,Flemensfirth (USA),Midnight Light (IRE),Roselier,0,0.09090851265211788,0.9465811965811965,0.3476103178308415,0.1014920636002457,0.01058355094812781,SKIP
RID1857-IE-14,2014-11-23,Navan,2:55,Proudstown Handicap Hurdle,Grade C,4yo+,23.0,4600,Soft,14,Hurdle,Handicap,11.0,2014.0,2014 - 11,14,28800.0,Burning Issues,Thomas James,M P Fogarty,7/1,8.0,7,10-3,143,,114.0,54.0,127.0,Gold Well (GB),Jillie James (GB),The Parson,0,0.10227207673363262,0.8397435897435898,0.32351353063661975,0.09445650529536342,-0.007815571438269192,SKIP
RID1857-IE-14,2014-11-23,Navan,2:55,Proudstown Handicap Hurdle,Grade C,4yo+,23.0,4600,Soft,14,Hurdle,Handicap,11.0,2014.0,2014 - 11,14,28800.0,The Crafty Butcher,Michael Hourigan,Ger Fox,25/1,26.0,7,11-5,159,,135.0,72.0,145.0,Vinnie Roe (IRE),Ivy Queen (IRE),Green Desert,0,0.031468331302656194,0.9871794871794872,0.3181816780657055,0.09289976001918408,0.06143142871652789,BET
RID1857-IE-14,2014-11-23,Navan,2:55,Proudstown Handicap Hurdle,Grade C,4yo+,23.0,4600,Soft,14,Hurdle,Handicap,11.0,2014.0,2014 - 11,14,28800.0,Hazariban,Seamus Fahey,Kevin Sexton,16/1,17.0,5,10-13,153,t,127.0,62.0,134.0,Kahyasi (IRE),Hazarista (IRE),Barathea,0,0.04812803610994476,0.9038461538461539,0.3048434714308075,0.08900539311848393,0.04087735700853917,WATCH
RID1857-IE-14,2014-11-23,Navan,2:55,Proudstown Handicap Hurdle,Grade C,4yo+,23.0,4600,Soft,14,Hurdle,Handicap,11.0,2014.0,2014 - 11,14,28800.0,Pencilhimin,Norman Cassidy,Mr D J Benson,20/1,21.0,9,9-13,139,t,115.0,61.0,135.0,Presenting (GB),Una Juna (IRE),Good Thyne,1,0.03896079113662195,0.9166666666666666,0.30227255379563533,0.08825476023230228,0.049293969095680325,WATCH
RID1857-IE-14,2014-11-23,Navan,2:55,Proudstown Handicap Hurdle,Grade C,4yo+,23.0,4600,Soft,14,Hurdle,Handicap,11.0,2014.0,2014 - 11,14,28800.0,Man With Van,S R B Crawford,A E Lynch,10/1,11.0,8,11-7,161,p,132.0,45.0,115.0,Milan (GB),Delibonne (IRE),Erdelistan,0,0.07437969216991464,0.7029914529914529,0.2629632204163761,0.07677758260332149,0.002397890433406852,SKIP
RID1857-IE-14,2014-11-23,Navan,2:55,Proudstown Handicap Hurdle,Grade C,4yo+,23.0,4600,Soft,14,Hurdle,Handicap,11.0,2014.0,2014 - 11,14,28800.0,Mini Vic,Miss Elizabeth Doyle,Andrew Ring,25/1,26.0,10,9-3,129,t,107.0,44.0,116.0,Old Vic (GB),River Of Peace (IRE),Over The River,0,0.031468331302656194,0.7200854700854701,0.23805347293750034,0.06950466363138695,0.03803633232873076,WATCH
RID1857-IE-14,2014-11-23,Navan,2:55,Proudstown Handicap Hurdle,Grade C,4yo+,23.0,4600,Soft,14,Hurdle,Handicap,11.0,2014.0,2014 - 11,14,28800.0,Realt Mor,Gordon Elliott,Davy Russell,6/1,7.0,9,11-2,156,,127.0,28.0,98.0,Beneficial (GB),Suez Canal (FR),Exit To Nowhere,0,0.11688237340986585,0.5128205128205128,0.2356638152330599,0.06880695335271822,-0.04807542005714763,SKIP
RID1857-IE-14,2014-11-23,Navan,2:55,Proudstown Handicap Hurdle,Grade C,4yo+,23.0,4600,Soft,14,Hurdle,Handicap,11.0,2014.0,2014 - 11,14,28800.0,Silver Tassie,Noel Meade,Paul Carberry,14/1,15.0,6,10-13,153,,124.0,30.0,100.0,Shantou (USA),Silver Castor (IRE),Indian Ridge,0,0.05454510759127073,0.5534188034188035,0.20420721633953054,0.05962254491665125,0.005077437325380518,SKIP
RID1857-IE-14,2014-11-23,Navan,2:55,Proudstown Handicap Hurdle,Grade C,4yo+,23.0,4600,Soft,14,Hurdle,Handicap,11.0,2014.0,2014 - 11,14,28800.0,Archie Meade,Daniel John Howard,Daniel Howard,50/1,51.0,9,10-13,153,tp,124.0,,,Beneficial (GB),Polar Charm (IRE),Supreme Leader,0,0.01604267870331492,0.5128205128205128,0.16507602893847428,0.04819738071196329,0.03215470200864837,WATCH
RID1857-IE-14,2014-11-23,Navan,2:55,Proudstown Handicap Hurdle,Grade C,4yo+,23.0,4600,Soft,14,Hurdle,Handicap,11.0,2014.0,2014 - 11,14,28800.0,Tulsa Jack,Noel Meade,Denis O'Regan,20/1,21.0,5,10-6,146,b,117.0,23.0,92.0,Urban Ocean (FR),Jessica's Pet (IRE),King's Ride,0,0.03896079113662195,0.4017094017094017,0.14778537430845587,0.04314901439662945,0.0041882232600074995,SKIP
RID1857-IE-14,2014-11-23,Navan,2:55,Proudstown Handicap Hurdle,Grade C,4yo+,23.0,4600,Soft,14,Hurdle,Handicap,11.0,2014.0,2014 - 11,14,28800.0,Quantitativeeasing,E Bolger,Niall P Madden,66/1,67.0,9,11-2,156,,127.0,,72.0,Anshan (GB),Mazuma (IRE),Mazaad,0,0.012211591251777029,0.18162393162393162,0.0630352933634234,0.01840446521559807,0.00619287396382104,SKIP
RID2772-GB-14,2014-11-23,Exeter,2:05,Bathwick Tyres Barnstaple Handicap Chase,0-125,4yo+,24.0,4800,Heavy,14,Chase,Handicap,11.0,2014.0,2014 - 11,7,16767.613636363636,Big Society,Tom George,Paddy Brennan,11/4J,3.75,8,11-12,166,,123.0,121.0,129.0,Flemensfirth (USA),Choice Of Kings (IRE),King's Ride,0,0.399740428293316,0.8611111111111112,0.5381516331386546,0.37850159950239004,-0.02123882879092598,SKIP
RID2772-GB-14,2014-11-23,Exeter,2:05,Bathwick Tyres Barnstaple Handicap Chase,0-125,4yo+,24.0,4800,Heavy,14,Chase,Handicap,11.0,2014.0,2014 - 11,7,16767.613636363636,Roll The Dice,Philip Hobbs,Richard Johnson,5/1,6.0,8,10-10,150,,107.0,106.0,116.0,Oscar (IRE),Sallowglen Gale (IRE),Strong Gale,0,0.2498377676833225,0.7200854700854701,0.39091207840396675,0.27494267011279894,0.02510490242947644,WATCH
RID2772-GB-14,2014-11-23,Exeter,2:05,Bathwick Tyres Barnstaple Handicap Chase,0-125,4yo+,24.0,4800,Heavy,14,Chase,Handicap,11.0,2014.0,2014 - 11,7,16767.613636363636,Russe Blanc,Richard Lee,Charlie Poste,6/1,7.0,7,10-11,151,p,108.0,108.0,116.0,Machiavellian Tsar (FR),Fleur De Mad (FR),Maiymad,1,0.21414665801427643,0.7200854700854701,0.3659283016356345,0.25737067202506303,0.0432240140107866,WATCH
RID2772-GB-14,2014-11-23,Exeter,2:05,Bathwick Tyres Barnstaple Handicap Chase,0-125,4yo+,24.0,4800,Heavy,14,Chase,Handicap,11.0,2014.0,2014 - 11,7,16767.613636363636,Midnight Lira,Caroline Keevil,James Best,10/1,11.0,7,11-2,156,,113.0,59.0,60.0,Midnight Legend (GB),Bally Lira (GB),Lir,0,0.13627514600908502,0.1047008547008547,0.12680285861661592,0.0891850583597479,-0.04709008764933713,SKIP
RID2773-GB-14,2014-11-23,Exeter,1:05,Bathwick Tyres Bideford Handicap Hurdle,0-100,3yo+,21.5,4300,Heavy,14,Hurdle,Handicap,11.0,2014.0,2014 - 11,9,3912.443181818182,Bredon Hill Lad,Sue Gardner,Lucy Gardner,9/4F,3.25,7,10-11,151,,90.0,50.0,98.0,Kirkwall (GB),Persian Clover (GB),Abutammam,1,0.26757384455179994,0.5128205128205128,0.3411478450324138,0.22782133486753667,-0.039752509684263276,SKIP
RID2773-GB-14,2014-11-23,Exeter,1:05,Bathwick Tyres Bideford Handicap Hurdle,0-100,3yo+,21.5,4300,Heavy,14,Hurdle,Handicap,11.0,2014.0,2014 - 11,9,3912.443181818182,Brantingham Breeze,Emma Lavelle,Richie O'Dea,9/2,5.5,6,11-2,156,,100.0,52.0,96.0,Tamure (IRE),Absalom's Lady (GB),Absalom,0,0.15811181723515452,0.4658119658119658,0.2504218618081979,0.1672337775773925,0.009121960342237972,SKIP
RID2773-GB-14,2014-11-23,Exeter,1:05,Bathwick Tyres Bideford Handicap Hurdle,0-100,3yo+,21.5,4300,Heavy,14,Hurdle,Handicap,11.0,2014.0,2014 - 11,9,3912.443181818182,Legion D'Honneur,Chris Down,James Davies,8/1,9.0,9,11-9,163,t,97.0,57.0,101.0,Halling (USA),Renowned (IRE),Darshaan,0,0.0966238883103722,0.5747863247863247,0.24007261925315793,0.16032246833686922,0.06369858002649702,BET
RID2773-GB-14,2014-11-23,Exeter,1:05,Bathwick Tyres Bideford Handicap Hurdle,0-100,3yo+,21.5,4300,Heavy,14,Hurdle,Handicap,11.0,2014.0,2014 - 11,9,3912.443181818182,Unefille De Guye,Victor Dartnall,Giles Hawkins,7/2,4.5,6,9-12,138,ht,75.0,34.0,79.0,Voix Du Nord (FR),Mascotte De Guye (FR),Video Rock,0,0.1932477766207444,0.21794871794871795,0.20065805901913647,0.13400110105730006,-0.059246675563444345,SKIP
RID2773-GB-14,2014-11-23,Exeter,1:05,Bathwick Tyres Bideford Handicap Hurdle,0-100,3yo+,21.5,4300,Heavy,14,Hurdle,Handicap,11.0,2014.0,2014 - 11,9,3912.443181818182,Aroseforoscar,Chris Down,Kieron Edgar,17/2,9.5,5,10-3,143,b,82.0,36.0,81.0,Oscar (IRE),Made For A King (GB),Roselier,0,0.09153842050456314,0.23717948717948717,0.13523074050704034,0.09030819999613998,-0.0012302205084231549,SKIP
RID2773-GB-14,2014-11-23,Exeter,1:05,Bathwick Tyres Bideford Handicap Hurdle,0-100,3yo+,21.5,4300,Heavy,14,Hurdle,Handicap,11.0,2014.0,2014 - 11,9,3912.443181818182,Mystic Appeal,Jeremy Scott,Nick Scholfield,12/1,13.0,8,11-11,165,p,99.0,35.0,80.0,Alderbrook (GB),Piseog (IRE),Pistolet Bleu,0,0.06689346113794999,0.22863247863247863,0.11541516638630857,0.0770751967305828,0.010181735592632815,SKIP
RID2773-GB-14,2014-11-23,Exeter,1:05,Bathwick Tyres Bideford Handicap Hurdle,0-100,3yo+,21.5,4300,Heavy,14,Hurdle,Handicap,11.0,2014.0,2014 - 11,9,3912.443181818182,Warsaw Pact,Steven Dixon,Mr L Kilgarriff,20/1,21.0,11,10-3,143,,84.0,34.0,79.0,Polish Precedent (USA),Always Friendly (GB),High Line,0,0.04141023784730237,0.21794871794871795,0.09437178187772705,0.06302225159642733,0.021612013749124956,WATCH
RID2773-GB-14,2014-11-23,Exeter,1:05,Bathwick Tyres Bideford Handicap Hurdle,0-100,3yo+,21.5,4300,Heavy,14,Hurdle,Handicap,11.0,2014.0,2014 - 11,9,3912.443181818182,Haverstock,Caroline Keevil,Mr Michael Legg,16/1,17.0,4,11-3,157,p,98.0,28.0,73.0,New Approach (IRE),Endorsement (GB),Warning,0,0.051153823223138224,0.19444444444444445,0.09414100958953009,0.06286813996561086,0.011714316742472634,SKIP
RID2773-GB-14,2014-11-23,Exeter,1:05,Bathwick Tyres Bideford Handicap Hurdle,0-100,3yo+,21.5,4300,Heavy,14,Hurdle,Handicap,11.0,2014.0,2014 - 11,9,3912.443181818182,Strategic Exit,Jimmy Frost,Tom Scudamore,25/1,26.0,6,10-0,140,,74.0,,13.0,Exit To Nowhere (USA),Penny's Crown (GB),Reprimand,0,0.03344673056897499,0.008547008547008548,0.02597681396238506,0.01734752987214071,-0.016099200696834282,SKIP
RID2774-GB-14,2014-11-23,Exeter,3:35,Bathwick Tyres Bridgwater Novices' Hurdle,Class 4,4yo+,17.0,3400,Heavy,14,Hurdle,Even,11.0,2014.0,2014 - 11,10,5589.204545454545,Pull The Chord,Philip Hobbs,Richard Johnson,8/11F,1.73,4,10-12,152,,,80.0,109.0,St Jovite (USA),Gold Chord (IRE),Accordion,1,0.538691798646498,0.6388888888888888,0.5687509257192152,0.37185726912069395,-0.16683452952580402,SKIP
RID2774-GB-14,2014-11-23,Exeter,3:35,Bathwick Tyres Bridgwater Novices' Hurdle,Class 4,4yo+,17.0,3400,Heavy,14,Hurdle,Even,11.0,2014.0,2014 - 11,10,5589.204545454545,Dandy,Andrew Balding,Tom O'Brien,7/2,4.5,5,10-12,152,,,58.0,86.0,Nayef (USA),Diacada (GER),Cadeaux Genereux,0,0.2070970692574314,0.2948717948717949,0.23342948694174043,0.15261944661739946,-0.05447762264003195,SKIP
RID2774-GB-14,2014-11-23,Exeter,3:35,Bathwick Tyres Bridgwater Novices' Hurdle,Class 4,4yo+,17.0,3400,Heavy,14,Hurdle,Even,11.0,2014.0,2014 - 11,10,5589.204545454545,An Tarbh Og,Caroline Keevil,James Best,8/1,9.0,6,10-12,152,,,66.0,93.0,Fruits Of Love (USA),Finnuala Supreme (IRE),Supreme Leader,0,0.1035485346287157,0.4166666666666667,0.197483974240101,0.12911777024918591,0.025569235620470213,WATCH
RID2774-GB-14,2014-11-23,Exeter,3:35,Bathwick Tyres Bridgwater Novices' Hurdle,Class 4,4yo+,17.0,3400,Heavy,14,Hurdle,Even,11.0,2014.0,2014 - 11,10,5589.204545454545,Tom Neary,Keiran Burke,Nick Scholfield,14/1,15.0,7,10-12,152,t,,63.0,90.0,Atraf (GB),La Fandango (IRE),Taufan,0,0.06212912077722942,0.37393162393162394,0.1556698717235478,0.10177912820148138,0.03965000742425196,WATCH
RID2774-GB-14,2014-11-23,Exeter,3:35,Bathwick Tyres Bridgwater Novices' Hurdle,Class 4,4yo+,17.0,3400,Heavy,14,Hurdle,Even,11.0,2014.0,2014 - 11,10,5589.204545454545,Mount Prospex,Tim Dennis,Kieron Edgar,25/1,26.0,5,10-7,147,,,62.0,91.0,Golan (IRE),No Blues (IRE),Orchestra,0,0.03584372352532467,0.38675213675213677,0.1411162474933683,0.09226376617336737,0.056420042648042706,BET
RID2774-GB-14,2014-11-23,Exeter,3:35,Bathwick Tyres Bridgwater Novices' Hurdle,Class 4,4yo+,17.0,3400,Heavy,14,Hurdle,Even,11.0,2014.0,2014 - 11,10,5589.204545454545,Dunnicks Skipper,Sue Gardner,Lucy Gardner,80/1,81.0,6,10-7,147,,,62.0,90.0,Pasternak (GB),Dunnicks Chance (GB),Greensmith,0,0.011505392736523967,0.37393162393162394,0.12023326209505396,0.07861017974362287,0.0671047870070989,BET
RID2774-GB-14,2014-11-23,Exeter,3:35,Bathwick Tyres Bridgwater Novices' Hurdle,Class 4,4yo+,17.0,3400,Heavy,14,Hurdle,Even,11.0,2014.0,2014 - 11,10,5589.204545454545,Huntsmans Lady,Jimmy Frost,Bryony Frost,100/1,101.0,4,9-12,138,,,42.0,72.0,Shantou (USA),Falika (FR),Hero's Honor,0,0.009227097145133083,0.18162393162393162,0.06094614748877264,0.039847439263405414,0.03062034211827233,WATCH
RID2774-GB-14,2014-11-23,Exeter,3:35,Bathwick Tyres Bridgwater Novices' Hurdle,Class 4,4yo+,17.0,3400,Heavy,14,Hurdle,Even,11.0,2014.0,2014 - 11,10,5589.204545454545,Sangram,Jimmy Frost,Conor O'Farrell,40/1,41.0,7,10-12,152,,,21.0,57.0,Blueprint (IRE),Margeno's Fountain (IRE),Royal Fountain,0,0.022730166138010766,0.08547008547008547,0.04155214193763318,0.02716736857615581,0.004437202438145046,SKIP
RID2774-GB-14,2014-11-23,Exeter,3:35,Bathwick Tyres Bridgwater Novices' Hurdle,Class 4,4yo+,17.0,3400,Heavy,14,Hurdle,Even,11.0,2014.0,2014 - 11,10,5589.204545454545,Happy Occasion,Alexandra Dunn,Adam Wedge,100/1,101.0,4,10-5,145,,,,20.0,Apple Tree (FR),Girl Of Pleasure (IRE),Namaqualand,0,0.009227097145133083,0.01282051282051282,0.010305121847747003,0.006737632054687899,-0.002489465090445184,SKIP
RID2775-GB-14,2014-11-23,Exeter,4:05,Bathwick Tyres Conditional Jockeys' Handicap Hurdle,0-110,3yo+,17.0,3400,Heavy,14,Hurdle,Handicap,11.0,2014.0,2014 - 11,8,5589.204545454545,Xaarcet,Colin Tizzard,Paul O'Brien,5/4F,2.25,7,10-11,151,,101.0,94.0,98.0,Xaar (GB),Anoukit (GB),Green Desert,0,0.38067983295342994,0.5128205128205128,0.42032203691355474,0.25026808304776543,-0.1304117499056645,SKIP
RID2775-GB-14,2014-11-23,Exeter,4:05,Bathwick Tyres Conditional Jockeys' Handicap Hurdle,0-110,3yo+,17.0,3400,Heavy,14,Hurdle,Handicap,11.0,2014.0,2014 - 11,8,5589.204545454545,Thundering Home,Richard Mitchell,Tom Bellamy,7/1,8.0,7,11-10,164,t,106.0,109.0,112.0,Storming Home (GB),Citrine Spirit (IRE),Soviet Star,1,0.10706620301815219,0.6752136752136753,0.2775104446768091,0.16523522660145887,0.05816902358330668,BET
RID2775-GB-14,2014-11-23,Exeter,4:05,Bathwick Tyres Conditional Jockeys' Handicap Hurdle,0-110,3yo+,17.0,3400,Heavy,14,Hurdle,Handicap,11.0,2014.0,2014 - 11,8,5589.204545454545,Jigsaw Financial,Laura Young,Matt Griffiths,5/1,6.0,8,11-0,154,,96.0,87.0,91.0,Brian Boru (GB),Ardcolm Cailin (IRE),Beneficial,0,0.14275493735753622,0.38675213675213677,0.21595409717591638,0.12858335557039297,-0.014171581787143256,SKIP
RID2775-GB-14,2014-11-23,Exeter,4:05,Bathwick Tyres Conditional Jockeys' Handicap Hurdle,0-110,3yo+,17.0,3400,Heavy,14,Hurdle,Handicap,11.0,2014.0,2014 - 11,8,5589.204545454545,Just Spot,Kevin Bishop,James Best,10/1,11.0,7,11-4,158,t,100.0,93.0,98.0,Baryshnikov (AUS),Just Jasmine (GB),Nicholas Bill,0,0.07786632946774705,0.5128205128205128,0.20835258447357674,0.12405726403770219,0.04619093456995514,WATCH
RID2775-GB-14,2014-11-23,Exeter,4:05,Bathwick Tyres Conditional Jockeys' Handicap Hurdle,0-110,3yo+,17.0,3400,Heavy,14,Hurdle,Handicap,11.0,2014.0,2014 - 11,8,5589.204545454545,Kozmina Bay,Bernard Llewellyn,Robert Williams,9/1,10.0,5,9-12,138,b,83.0,84.0,87.0,Notnowcato (GB),Kozmina (IRE),Sadler's Wells,0,0.08565296241452175,0.32905982905982906,0.15867502240811393,0.09447825761704495,0.008825295202523203,SKIP
RID2775-GB-14,2014-11-23,Exeter,4:05,Bathwick Tyres Conditional Jockeys' Handicap Hurdle,0-110,3yo+,17.0,3400,Heavy,14,Hurdle,Handicap,11.0,2014.0,2014 - 11,8,5589.204545454545,Crouching Harry,Anabel K Murphy,Conor Shoemark,25/1,26.0,5,11-12,166,p,108.0,89.0,95.0,Tiger Hill (IRE),Catwalk Dreamer (IRE),Acatenango,0,0.03294344708250837,0.44871794871794873,0.15767579757314046,0.09388329931835845,0.060939852235850085,BET
RID2775-GB-14,2014-11-23,Exeter,4:05,Bathwick Tyres Conditional Jockeys' Handicap Hurdle,0-110,3yo+,17.0,3400,Heavy,14,Hurdle,Handicap,11.0,2014.0,2014 - 11,8,5589.204545454545,Piano Concerto,Sophie Leech,Killian Moore,8/1,9.0,7,10-12,152,t,97.0,79.0,85.0,Red Ransom (USA),Storm Song (USA),Summer Squall,0,0.09516995823835749,0.2692307692307692,0.147388201536081,0.08775786045659786,-0.007412097781759622,SKIP
RID2775-GB-14,2014-11-23,Exeter,4:05,Bathwick Tyres Conditional Jockeys' Handicap Hurdle,0-110,3yo+,17.0,3400,Heavy,14,Hurdle,Handicap,11.0,2014.0,2014 - 11,8,5589.204545454545,Bedouin Bay,Johnny Farrelly,Kieron Edgar,10/1,11.0,7,11-12,166,,108.0,52.0,65.0,Dubai Destination (USA),Sahara Sonnet (USA),Stravinsky,0,0.07786632946774705,0.13034188034188035,0.09360899472998703,0.05573665335067931,-0.02212967611706774,SKIP
RID2776-GB-14,2014-11-23,Exeter,3:05,Bathwick Tyres Handicap Chase,0-130,4yo+,17.5,3500,Heavy,14,Chase,Handicap,11.0,2014.0,2014 - 11,5,16767.613636363636,Headly's Bridge,Simon Earle,Paddy Brennan,4/1,5.0,8,11-12,166,,130.0,127.0,136.0,Tillerman (GB),Brockton Flame (GB),Emarati,1,0.18302698474775125,0.9316239316239316,0.40760606881060535,0.23815186042866834,0.05512487568091709,BET
RID2776-GB-14,2014-11-23,Exeter,3:05,Bathwick Tyres Handicap Chase,0-130,4yo+,17.5,3500,Heavy,14,Chase,Handicap,11.0,2014.0,2014 - 11,5,16767.613636363636,Lord Protector,Philip Hobbs,Richard Johnson,3/1,4.0,7,11-4,158,b,122.0,117.0,126.0,Oscar (IRE),Warts And All (IRE),Commanche Run,0,0.22878373093468907,0.8226495726495726,0.4069434834491541,0.23776473190287659,0.00898100096818752,SKIP
RID2776-GB-14,2014-11-23,Exeter,3:05,Bathwick Tyres Handicap Chase,0-130,4yo+,17.5,3500,Heavy,14,Chase,Handicap,11.0,2014.0,2014 - 11,5,16767.613636363636,Upepito,Venetia Williams,Aidan Coleman,11/4F,3.75,6,11-7,161,,125.0,105.0,119.0,Khalkevi (IRE),Friandise II (FR),Mistigri,0,0.24403597966366833,0.7457264957264957,0.39454313448251654,0.23051958419203217,-0.013516395471636161,SKIP
RID2776-GB-14,2014-11-23,Exeter,3:05,Bathwick Tyres Handicap Chase,0-130,4yo+,17.5,3500,Heavy,14,Chase,Handicap,11.0,2014.0,2014 - 11,5,16767.613636363636,Whispering Harry,Henry Oliver,James Davies,7/2,4.5,5,10-11,151,,115.0,110.0,120.0,Sir Harry Lewis (USA),Welsh Whisper (GB),Overbury,0,0.20336331638639027,0.7585470085470085,0.3699184240345757,0.21613211291907797,0.012768796532687698,SKIP
RID2776-GB-14,2014-11-23,Exeter,3:05,Bathwick Tyres Handicap Chase,0-130,4yo+,17.5,3500,Heavy,14,Chase,Handicap,11.0,2014.0,2014 - 11,5,16767.613636363636,Tornado In Milan,Evan Williams,Paul Moloney,11/2,6.5,8,11-4,158,h,122.0,39.0,61.0,Milan (GB),Julika (GER),Nebos,0,0.14078998826750097,0.11324786324786325,0.13252735076160965,0.07743171055734498,-0.063358277710156,SKIP
RID2777-GB-14,2014-11-23,Exeter,1:35,Bathwick Tyres Plymouth Handicap Hurdle,0-115,4yo+,23.0,4600,Heavy,14,Hurdle,Handicap,11.0,2014.0,2014 - 11,6,6148.125,Obistar,David Pipe,Tom Scudamore,6/4F,2.5,4,11-2,156,p,105.0,28.0,111.0,Astarabad (USA),Vallee Du Luy (FR),Oblat,0,0.35707491082045184,0.6581196581196581,0.4473883350102137,0.28359439358631994,-0.0734805172341319,SKIP
RID2777-GB-14,2014-11-23,Exeter,1:35,Bathwick Tyres Plymouth Handicap Hurdle,0-115,4yo+,23.0,4600,Heavy,14,Hurdle,Handicap,11.0,2014.0,2014 - 11,6,6148.125,Absolutely Bygones,Jackie Du Plessis,James Best,13/2,7.5,6,11-2,156,t,105.0,29.0,112.0,Alderbrook (GB),Majella (IRE),Fourstars Allstar,1,0.11902497027348394,0.6752136752136753,0.28588158175554135,0.18121709367681613,0.06219212340333219,BET
RID2777-GB-14,2014-11-23,Exeter,1:35,Bathwick Tyres Plymouth Handicap Hurdle,0-115,4yo+,23.0,4600,Heavy,14,Hurdle,Handicap,11.0,2014.0,2014 - 11,6,6148.125,Flash Crash,Jim Best,Noel Fehily,13/2,7.5,5,11-9,163,tv,112.0,22.0,104.0,Val Royal (FR),Tessara (GER),Big Shuffle,0,0.11902497027348394,0.5961538461538461,0.2621636330375926,0.16618255487145245,0.04715758459796851,WATCH
RID2777-GB-14,2014-11-23,Exeter,1:35,Bathwick Tyres Plymouth Handicap Hurdle,0-115,4yo+,23.0,4600,Heavy,14,Hurdle,Handicap,11.0,2014.0,2014 - 11,6,6148.125,Lundy Sky,Richard Woollacott,Daryl Jacob,5/2,3.5,9,11-12,166,t,115.0,,59.0,Zaha (CAN),Rosina Mae (GB),Rousillon,0,0.2550535077288941,0.09615384615384616,0.20738360925637972,0.13145811882972466,-0.12359538889916946,SKIP
RID2777-GB-14,2014-11-23,Exeter,1:35,Bathwick Tyres Plymouth Handicap Hurdle,0-115,4yo+,23.0,4600,Heavy,14,Hurdle,Handicap,11.0,2014.0,2014 - 11,6,6148.125,Tara Tavey,Kevin Bishop,Mr Conor Smith,12/1,13.0,9,9-11,137,,93.0,15.0,97.0,Kayf Tara (GB),Slieve League (IRE),Roselier,0,0.06866825208085613,0.4829059829059829,0.19293957132839415,0.1223022069371373,0.05363395485628117,BET
RID2777-GB-14,2014-11-23,Exeter,1:35,Bathwick Tyres Plymouth Handicap Hurdle,0-115,4yo+,23.0,4600,Heavy,14,Hurdle,Handicap,11.0,2014.0,2014 - 11,6,6148.125,Look For Love,Sue Gardner,Lucy Gardner,10/1,11.0,6,10-9,149,,103.0,11.0,93.0,Pursuit Of Love (GB),Look Here's May (GB),Revoque,0,0.08115338882282996,0.4166666666666667,0.18180737217598097,0.1152456320985495,0.03409224327571954,WATCH
RID2778-GB-14,2014-11-23,Exeter,2:35,Bathwick Tyres Taunton Novices' Chase,Class 3,4yo+,24.0,4800,Heavy,14,Chase,Even,11.0,2014.0,2014 - 11,4,16368.75,Highland Retreat,Harry Fry,Noel Fehily,5/6F,1.83,7,10-7,147,,144.0,112.0,136.0,Exit To Nowhere (USA),St Kilda (GB),Past Glories,0,0.5043117513765886,0.9316239316239316,0.6325054054507915,0.3998008235426396,-0.10451092783394894,SKIP
RID2778-GB-14,2014-11-23,Exeter,2:35,Bathwick Tyres Taunton Novices' Chase,Class 3,4yo+,24.0,4800,Heavy,14,Chase,Even,11.0,2014.0,2014 - 11,4,16368.75,Kaki De La Pree,Tom Symonds,Felix De Giles,9/4,3.25,7,11-0,154,,,102.0,131.0,Kapgarde (FR),Kica (FR),Noir Et Or,0,0.28396630923666377,0.8824786324786325,0.4635200062092544,0.2929867138113601,0.009020404574696328,SKIP
RID2778-GB-14,2014-11-23,Exeter,2:35,Bathwick Tyres Taunton Novices' Chase,Class 3,4yo+,24.0,4800,Heavy,14,Chase,Even,11.0,2014.0,2014 - 11,4,16368.75,Return Spring,Philip Hobbs,Richard Johnson,4/1,5.0,7,11-0,154,,138.0,119.0,144.0,Vinnie Roe (IRE),Bettys Daughter (IRE),Supreme Leader,1,0.18457810100383143,0.9807692307692307,0.4234354399334512,0.26764962977965306,0.08307152877582163,BET
RID2778-GB-14,2014-11-23,Exeter,2:35,Bathwick Tyres Taunton Novices' Chase,Class 3,4yo+,24.0,4800,Heavy,14,Chase,Even,11.0,2014.0,2014 - 11,4,16368.75,Cadeau George,Ben Pauling,James Davies,33/1,34.0,5,11-0,154,,,50.0,67.0,Relief Pitcher (GB),Sovereign's Gift (GB),Elegant Monarch,0,0.027143838382916386,0.1452991452991453,0.06259043045778506,0.03956283286634712,0.012418994483430732,SKIP
RID2779-GB-14,2014-11-23,Towcester,3:15,AJA Insure Their Members Amateur Riders' Handicap Chase,0-100,4yo+,16.5,3300,Soft,14,Chase,Handicap,11.0,2014.0,2014 - 11,6,3828.125,Grand Article,Paul Cowley,Miss Gina Andrews,9/4F,3.25,10,10-13,153,,77.0,86.0,87.0,Definite Article (GB),Grand Morning (IRE),King Of Clubs I,1,0.2796116504854369,0.32905982905982906,0.2944461040577545,0.29444610405775457,0.014834453572317663,SKIP
RID2779-GB-14,2014-11-23,Towcester,3:15,AJA Insure Their Members Amateur Riders' Handicap Chase,0-100,4yo+,16.5,3300,Soft,14,Chase,Handicap,11.0,2014.0,2014 - 11,6,3828.125,The Informant,Seamus Mullins,Daniel Sansom,5/2,3.5,8,11-1,155,b,86.0,59.0,70.0,Central Park (IRE),Belle Rose (IRE),Roselier,0,0.2596393897364771,0.1581196581196581,0.2291834702514314,0.22918347025143143,-0.030455919485045668,SKIP
RID2779-GB-14,2014-11-23,Towcester,3:15,AJA Insure Their Members Amateur Riders' Handicap Chase,0-100,4yo+,16.5,3300,Soft,14,Chase,Handicap,11.0,2014.0,2014 - 11,6,3828.125,Wicklewood,Mark Gillard,Theo Gillard,7/2,4.5,8,11-5,159,ht,90.0,80.0,85.0,Mujahid (USA),Pinini (GB),Pivotal,0,0.2019417475728155,0.2692307692307692,0.2221284540702016,0.22212845407020163,0.02018670649738613,WATCH
RID2779-GB-14,2014-11-23,Towcester,3:15,AJA Insure Their Members Amateur Riders' Handicap Chase,0-100,4yo+,16.5,3300,Soft,14,Chase,Handicap,11.0,2014.0,2014 - 11,6,3828.125,Beauchamp Viking,Hugo Froud,Harry Bannister,11/2,6.5,10,10-7,147,tp,71.0,29.0,46.0,Compton Admiral (GB),Beauchamp Jade (GB),Kalaglow,0,0.13980582524271845,0.0641025641025641,0.11709484690067214,0.11709484690067215,-0.0227109783420463,SKIP
RID2779-GB-14,2014-11-23,Towcester,3:15,AJA Insure Their Members Amateur Riders' Handicap Chase,0-100,4yo+,16.5,3300,Soft,14,Chase,Handicap,11.0,2014.0,2014 - 11,6,3828.125,Top Benefit,Richard Harper,Max Kendrick,11/1,12.0,12,9-10,136,,67.0,63.0,64.0,Beneficial (GB),Cottage Lass (IRE),Roselier,0,0.07572815533980581,0.12393162393162394,0.09018919591735125,0.09018919591735126,0.01446104057754545,SKIP
RID2779-GB-14,2014-11-23,Towcester,3:15,AJA Insure Their Members Amateur Riders' Handicap Chase,0-100,4yo+,16.5,3300,Soft,14,Chase,Handicap,11.0,2014.0,2014 - 11,6,3828.125,Special Mate,Lady Susan Brooke,Miss Lorna Brooke,20/1,21.0,8,10-10,150,hp,79.0,32.0,43.0,Generous (IRE),Flying Iris (IRE),Un Desperado,0,0.04327323162274618,0.05555555555555555,0.04695792880258899,0.046957928802589,0.003684697179842815,SKIP
RID2780-GB-14,2014-11-23,Towcester,2:15,Best Racing Blogs On gg.com Handicap Chase,0-120,4yo+,24.5,4900,Soft,14,Chase,Handicap,11.0,2014.0,2014 - 11,4,10912.5,Union Jack D'Ycy,Venetia Williams,Liam Treadwell,5/6F,1.83,6,11-11,165,,117.0,31.0,127.0,Bonnet Rouge (FR),Jacady (FR),Fill My Hopes,1,0.7503410641200545,0.8397435897435898,0.777161821807115,0.6635864488336615,-0.08675461528639306,SKIP
RID2780-GB-14,2014-11-23,Towcester,2:15,Best Racing Blogs On gg.com Handicap Chase,0-120,4yo+,24.5,4900,Soft,14,Chase,Handicap,11.0,2014.0,2014 - 11,4,10912.5,Ringa Bay,David Bridgwater,Jake Hodson,9/2,5.5,9,11-4,158,,117.0,23.0,117.0,Karinga Bay (GB),Redgrave Wolf (GB),Little Wolf,0,0.24965893587994545,0.7307692307692307,0.393992024346731,0.3364135511663385,0.08675461528639303,BET
RID2781-GB-14,2014-11-23,Towcester,1:15,Don't Miss Out With gg.com Alerts Handicap Chase,0-100,4yo+,20.0,4000,Soft,14,Chase,Handicap,11.0,2014.0,2014 - 11,8,5589.204545454545,I Know The Code,Lynn Siddall,Tom Siddall,5/2F,3.5,9,11-0,154,,80.0,58.0,86.0,Viking Ruler (AUS),Gentle Papoose (GB),Commanche Run,0,0.25675320846162536,0.2948717948717949,0.2681887843846762,0.232688822936649,-0.02406438552497636,SKIP
RID2781-GB-14,2014-11-23,Towcester,1:15,Don't Miss Out With gg.com Alerts Handicap Chase,0-100,4yo+,20.0,4000,Soft,14,Chase,Handicap,11.0,2014.0,2014 - 11,8,5589.204545454545,Carhue Princess,Tom Symonds,Ben Poste,5/1,6.0,8,11-1,155,,86.0,68.0,95.0,Desert Prince (IRE),Carhue Journey (IRE),Barathea,1,0.14977270493594813,0.44871794871794873,0.2394562780705483,0.20775961834819545,0.05798691341224732,BET
RID2781-GB-14,2014-11-23,Towcester,1:15,Don't Miss Out With gg.com Alerts Handicap Chase,0-100,4yo+,20.0,4000,Soft,14,Chase,Handicap,11.0,2014.0,2014 - 11,8,5589.204545454545,Le Grand Chene,Sophie Leech,Richie McLernon,7/2,4.5,8,11-12,166,tp,92.0,47.0,77.0,Turgeon (USA),Faitiche D'Aubry (FR),Le Nain Jaune,0,0.1996969399145975,0.20726495726495728,0.20196734511970543,0.17523306918061207,-0.024463870733985427,SKIP
RID2781-GB-14,2014-11-23,Towcester,1:15,Don't Miss Out With gg.com Alerts Handicap Chase,0-100,4yo+,20.0,4000,Soft,14,Chase,Handicap,11.0,2014.0,2014 - 11,8,5589.204545454545,Wheelavher,Claire Dyson,Trevor Whelan,7/1,8.0,8,9-11,137,h,66.0,31.0,61.0,Fair Mix (IRE),True Rose (IRE),Roselier,0,0.1123295287019611,0.11324786324786325,0.11260502906573175,0.0976995802795003,-0.014629948422460792,SKIP
RID2781-GB-14,2014-11-23,Towcester,1:15,Don't Miss Out With gg.com Alerts Handicap Chase,0-100,4yo+,20.0,4000,Soft,14,Chase,Handicap,11.0,2014.0,2014 - 11,8,5589.204545454545,Red Anchor,Linda Jewell,Andrew Thornton,10/1,11.0,10,11-1,155,p,81.0,37.0,71.0,Snurge (IRE),Clonartic (IRE),Be My Native,0,0.08169420269233535,0.16880341880341881,0.10782696752566037,0.09355398739712469,0.011859784704789336,SKIP
RID2781-GB-14,2014-11-23,Towcester,1:15,Don't Miss Out With gg.com Alerts Handicap Chase,0-100,4yo+,20.0,4000,Soft,14,Chase,Handicap,11.0,2014.0,2014 - 11,8,5589.204545454545,According To Them,Daniel Steele,Mr Freddie Mitchell,16/1,17.0,10,11-0,154,t,87.0,49.0,77.0,Quws (GB),Any Old Music (IRE),Montelimar,0,0.05286095468327581,0.20726495726495728,0.09918215545778025,0.0860534830445702,0.03319252836129438,WATCH
RID2781-GB-14,2014-11-23,Towcester,1:15,Don't Miss Out With gg.com Alerts Handicap Chase,0-100,4yo+,20.0,4000,Soft,14,Chase,Handicap,11.0,2014.0,2014 - 11,8,5589.204545454545,Killfinnan Castle,Violet M Jordan,William Kennedy,7/1,8.0,11,10-2,142,p,68.0,7.0,39.0,Arctic Lord (IRE),Golden Seekers (GB),Manado,0,0.1123295287019611,0.038461538461538464,0.09016913162983431,0.07823350686459485,-0.03409602183736625,SKIP
RID2781-GB-14,2014-11-23,Towcester,1:15,Don't Miss Out With gg.com Alerts Handicap Chase,0-100,4yo+,20.0,4000,Soft,14,Chase,Handicap,11.0,2014.0,2014 - 11,8,5589.204545454545,Gainsborough's Art,Harry Chisman,Daniel Hiskett,25/1,26.0,9,9-7,133,p,66.0,,36.0,Desert Prince (IRE),Cathy Garcia (IRE),Be My Guest,0,0.03456293190829573,0.029914529914529916,0.033168411310165985,0.028777931948753582,-0.005784999959542146,SKIP
RID2782-GB-14,2014-11-23,Towcester,3:45,Free Tips Every Day On gg.com Intermediate Open National Hunt Flat Race,Class 6,4-6yo,16.0,3200,Soft,14,Bumper,Even,11.0,2014.0,2014 - 11,5,3353.5227272727275,Big Jim,Alex Hales,William Kennedy,11/8F,2.38,5,11-7,161,,,67.0,99.0,Revoque (IRE),Chilly Squaw (IRE),Commanche Run,0,0.38503691419145586,0.5363247863247863,0.43042327583145495,0.3125979098217271,-0.07243900436972878,SKIP
RID2782-GB-14,2014-11-23,Towcester,3:45,Free Tips Every Day On gg.com Intermediate Open National Hunt Flat Race,Class 6,4-6yo,16.0,3200,Soft,14,Bumper,Even,11.0,2014.0,2014 - 11,5,3353.5227272727275,Lettheriverrundry,Brendan Powell,Brendan Powell,5/2,3.5,4,11-0,154,,,74.0,105.0,Diamond Green (FR),Dissitation (IRE),Spectrum,1,0.26182510165018996,0.6089743589743589,0.36596987884744064,0.26578818016853234,0.003963078518342378,SKIP
RID2782-GB-14,2014-11-23,Towcester,3:45,Free Tips Every Day On gg.com Intermediate Open National Hunt Flat Race,Class 6,4-6yo,16.0,3200,Soft,14,Bumper,Even,11.0,2014.0,2014 - 11,5,3353.5227272727275,Big Mike,Sarah Humphrey,Jack Quinlan,100/30,4.33,6,11-0,154,,,70.0,100.0,Flemensfirth (USA),Minoras Return (IRE),Bob's Return,0,0.2116369181929942,0.5534188034188035,0.31417148376073695,0.22816923401617767,0.016532315823183458,SKIP
RID2782-GB-14,2014-11-23,Towcester,3:45,Free Tips Every Day On gg.com Intermediate Open National Hunt Flat Race,Class 6,4-6yo,16.0,3200,Soft,14,Bumper,Even,11.0,2014.0,2014 - 11,5,3353.5227272727275,Amidon,Lucy Wadham,Leighton Aspell,7/1,8.0,4,11-0,154,p,,66.0,97.0,Dom Alco (FR),Immage (FR),Bad Conduct,0,0.11454848197195812,0.4829059829059829,0.22505573225216552,0.16344829716637718,0.04889981519441906,WATCH
RID2782-GB-14,2014-11-23,Towcester,3:45,Free Tips Every Day On gg.com Intermediate Open National Hunt Flat Race,Class 6,4-6yo,16.0,3200,Soft,14,Bumper,Even,11.0,2014.0,2014 - 11,5,3353.5227272727275,Tikketoride,Peter Pritchard,Jack Doyle,33/1,34.0,6,11-0,154,,,,51.0,Tikkanen (USA),Safe Arrival (USA),Shadeed,0,0.02695258399340191,0.07478632478632478,0.04130270623127877,0.0299963788271857,0.0030437948337837875,SKIP
RID2783-GB-14,2014-11-23,Towcester,1:45,Happy 40th Birthday Duncan Lewin Claiming Hurdle,Class 5,4yo+,16.0,3200,Soft,14,Hurdle,Even,11.0,2014.0,2014 - 11,5,4471.363636363636,Formal Bid,Gordon Elliott,Jason Maguire,11/8F,2.38,7,10-7,147,tb,117.0,65.0,86.0,Oratorio (IRE),Sharamaine (IRE),King Charlemagne,0,0.4220002813335209,0.2948717948717949,0.3838617353950031,0.3140137950792894,-0.10798648625423152,SKIP
RID2783-GB-14,2014-11-23,Towcester,1:45,Happy 40th Birthday Duncan Lewin Claiming Hurdle,Class 5,4yo+,16.0,3200,Soft,14,Hurdle,Even,11.0,2014.0,2014 - 11,5,4471.363636363636,Gud Day,Fergal O'Brien,Miss Ally Stirling,3/1,4.0,6,11-1,155,tp,110.0,91.0,109.0,Aussie Rules (USA),Queen Al Andalous (IRE),King's Best,0,0.2510901673934449,0.6388888888888888,0.3674297838420781,0.30057182107689656,0.04948165368345164,WATCH
RID2783-GB-14,2014-11-23,Towcester,1:45,Happy 40th Birthday Duncan Lewin Claiming Hurdle,Class 5,4yo+,16.0,3200,Soft,14,Hurdle,Even,11.0,2014.0,2014 - 11,5,4471.363636363636,Vinnie My Boy,Peter Bowen,Jamie Moore,11/4,3.75,6,10-13,153,tv,116.0,35.0,72.0,Vinnie Roe (IRE),Copper Magic (IRE),Zaffaran,0,0.26782951188634124,0.18162393162393162,0.24196783780761835,0.19793908074456454,-0.0698904311417767,SKIP
RID2783-GB-14,2014-11-23,Towcester,1:45,Happy 40th Birthday Duncan Lewin Claiming Hurdle,Class 5,4yo+,16.0,3200,Soft,14,Hurdle,Even,11.0,2014.0,2014 - 11,5,4471.363636363636,Yasir,Conor Dore,Peter Carberry,16/1,17.0,6,11-2,156,p,103.0,92.0,108.0,Dynaformer (USA),Khazayin (USA),Bahri,1,0.05908003938669292,0.6260683760683761,0.22917654039119786,0.18747530309924942,0.1283952637125565,BET
RID2784-GB-14,2014-11-23,Towcester,2:45,Happy Birthday Janet Baldwin Handicap Hurdle,0-130,4yo+,24.0,4800,Soft,14,Hurdle,Handicap,11.0,2014.0,2014 - 11,7,11178.40909090909,American Life,Anthony Middleton,James Banks,4/1,5.0,7,10-2,142,tv,105.0,80.0,118.0,American Post (GB),Poplife (FR),Zino,1,0.18270544602771813,0.7371794871794872,0.34904765837324886,0.21956223671865657,0.036856790690938446,WATCH
RID2784-GB-14,2014-11-23,Towcester,2:45,Happy Birthday Janet Baldwin Handicap Hurdle,0-130,4yo+,24.0,4800,Soft,14,Hurdle,Handicap,11.0,2014.0,2014 - 11,7,11178.40909090909,Royale Knight,Dr Richard Newland,Chris Ward,3/1F,4.0,8,11-5,159,,124.0,66.0,98.0,King's Theatre (IRE),Gardana (FR),Garde Royale,0,0.22838180753464765,0.5128205128205128,0.3137134191204072,0.19733586041444973,-0.031045947120197925,SKIP
RID2784-GB-14,2014-11-23,Towcester,2:45,Happy Birthday Janet Baldwin Handicap Hurdle,0-130,4yo+,24.0,4800,Soft,14,Hurdle,Handicap,11.0,2014.0,2014 - 11,7,11178.40909090909,Lock Towers,Ben Pauling,David Bass,12/1,13.0,5,11-0,154,,114.0,70.0,105.0,Classic Cliche (IRE),Katieella (IRE),King's Theatre,0,0.0702713253952762,0.6089743589743589,0.23188223546900102,0.14586140618211357,0.07559008078683738,BET
RID2784-GB-14,2014-11-23,Towcester,2:45,Happy Birthday Janet Baldwin Handicap Hurdle,0-130,4yo+,24.0,4800,Soft,14,Hurdle,Handicap,11.0,2014.0,2014 - 11,7,11178.40909090909,Waldorf Salad,Venetia Williams,Liam Treadwell,7/1,8.0,6,11-9,163,,123.0,61.0,95.0,Millenary (GB),Ismene (FR),Bad Conduct,0,0.11419090376732383,0.44871794871794873,0.2145490172525113,0.13495825278787005,0.020767349020546222,WATCH
RID2784-GB-14,2014-11-23,Towcester,2:45,Happy Birthday Janet Baldwin Handicap Hurdle,0-130,4yo+,24.0,4800,Soft,14,Hurdle,Handicap,11.0,2014.0,2014 - 11,7,11178.40909090909,Chavoy,Rebecca Menzies,Tony Kelly,14/1,15.0,9,11-9,163,t,126.0,62.0,94.0,Saint Des Saints (FR),Dictania (FR),Iron Duke,0,0.060901815342572704,0.43162393162393164,0.17211845022698039,0.10826805740084253,0.04736624205826982,WATCH
RID2784-GB-14,2014-11-23,Towcester,2:45,Happy Birthday Janet Baldwin Handicap Hurdle,0-130,4yo+,24.0,4800,Soft,14,Hurdle,Handicap,11.0,2014.0,2014 - 11,7,11178.40909090909,Malibu Rock,Suzy Smith,Micheal Nolan,7/2,4.5,6,10-6,146,,109.0,25.0,55.0,Tiger Hill (IRE),High Straits (GB),Bering,0,0.203006051141909,0.0811965811965812,0.16646321015831064,0.10471072897055027,-0.09829532217135874,SKIP
RID2784-GB-14,2014-11-23,Towcester,2:45,Happy Birthday Janet Baldwin Handicap Hurdle,0-130,4yo+,24.0,4800,Soft,14,Hurdle,Handicap,11.0,2014.0,2014 - 11,7,11178.40909090909,Jaunty Journey,Nigel Twiston-Davies,Sam Twiston-Davies,11/2,6.5,11,10-10,150,p,110.0,36.0,67.0,Karinga Bay (GB),Jaunty June (GB),Primitive Rising,0,0.1405426507905524,0.1452991452991453,0.14196959914313026,0.08930345752551744,-0.051239193265034955,SKIP
RID2785-GB-14,2014-11-23,Towcester,12:45,Haygain Hay Steamers Clean Healthy Forage Mares' National Hunt Novices' Hurdle,Class 4,4yo+ M,16.0,3200,Soft,14,Hurdle,Even,11.0,2014.0,2014 - 11,8,5589.204545454545,Ballyhollow,Rebecca Curtis,Jason Maguire,4/9F,1.44,7,10-10,150,,,38.0,94.0,Beat Hollow (GB),Ballet-K (GB),Gunner B,0,0.5491752789332032,0.43162393162393164,0.5139098747404217,0.3485649585195904,-0.20061032041361276,SKIP
RID2785-GB-14,2014-11-23,Towcester,12:45,Haygain Hay Steamers Clean Healthy Forage Mares' National Hunt Novices' Hurdle,Class 4,4yo+ M,16.0,3200,Soft,14,Hurdle,Even,11.0,2014.0,2014 - 11,8,5589.204545454545,Quiet Candid,Nicky Henderson,Jeremiah McGrath,11/4,3.75,5,10-7,147,h,,54.0,109.0,Beneficial (GB),Lady Of Appeal (IRE),Lord Of Appeal,1,0.21088330711035003,0.6388888888888888,0.33928498164391163,0.23012372668021835,0.019240419569868328,SKIP
RID2785-GB-14,2014-11-23,Towcester,12:45,Haygain Hay Steamers Clean Healthy Forage Mares' National Hunt Novices' Hurdle,Class 4,4yo+ M,16.0,3200,Soft,14,Hurdle,Even,11.0,2014.0,2014 - 11,8,5589.204545454545,Stand 'N' Boogie,Pam Sly,Kielan Woods,16/1,17.0,4,10-10,150,,,31.0,88.0,Tobougg (IRE),Standing Bloom (GB),Presidium,0,0.046518376568459564,0.3547008547008547,0.1389731200081781,0.0942600292229382,0.04774165265447864,WATCH
RID2785-GB-14,2014-11-23,Towcester,12:45,Haygain Hay Steamers Clean Healthy Forage Mares' National Hunt Novices' Hurdle,Class 4,4yo+ M,16.0,3200,Soft,14,Hurdle,Even,11.0,2014.0,2014 - 11,8,5589.204545454545,Katarrhini,Tom Symonds,Ben Poste,18/1,19.0,5,10-5,145,,,31.0,88.0,Kayf Tara (GB),Dedrunknmunky (IRE),Rashar,0,0.04162170535072698,0.3547008547008547,0.1355454501557653,0.09193517488825821,0.050313469537531234,BET
RID2785-GB-14,2014-11-23,Towcester,12:45,Haygain Hay Steamers Clean Healthy Forage Mares' National Hunt Novices' Hurdle,Class 4,4yo+ M,16.0,3200,Soft,14,Hurdle,Even,11.0,2014.0,2014 - 11,8,5589.204545454545,Barrs Lane,Arthur Whiting,Gary Derwin,9/1,10.0,6,10-3,143,,,26.0,84.0,Sir Harry Lewis (USA),Cashel Dancer (GB),Bishop Of Cashel,0,0.07908124016638127,0.25427350427350426,0.13163891939851816,0.0892855279398645,0.010204287773483228,SKIP
RID2785-GB-14,2014-11-23,Towcester,12:45,Haygain Hay Steamers Clean Healthy Forage Mares' National Hunt Novices' Hurdle,Class 4,4yo+ M,16.0,3200,Soft,14,Hurdle,Even,11.0,2014.0,2014 - 11,8,5589.204545454545,Pattara,Noel Williams,Gerard Tumelty,33/1,34.0,5,10-10,150,h,,29.0,86.0,Kayf Tara (GB),Fortunes Course (IRE),Crash Course,0,0.023259188284229782,0.2948717948717949,0.10474297026049931,0.07104305808972997,0.04778386980550019,WATCH
RID2785-GB-14,2014-11-23,Towcester,12:45,Haygain Hay Steamers Clean Healthy Forage Mares' National Hunt Novices' Hurdle,Class 4,4yo+ M,16.0,3200,Soft,14,Hurdle,Even,11.0,2014.0,2014 - 11,8,5589.204545454545,Catkin Copse,Richard Phillips,Sam Twiston-Davies,20/1,21.0,6,10-10,150,,,25.0,83.0,Alflora (IRE),Run Tiger (IRE),Commanche Run,0,0.037657733412562504,0.24786324786324787,0.1007193877477681,0.0683140195158775,0.030656286103314993,WATCH
RID2785-GB-14,2014-11-23,Towcester,12:45,Haygain Hay Steamers Clean Healthy Forage Mares' National Hunt Novices' Hurdle,Class 4,4yo+ M,16.0,3200,Soft,14,Hurdle,Even,11.0,2014.0,2014 - 11,8,5589.204545454545,Lead The Way,Jonathan Portman,Richie McLernon,66/1,67.0,4,10-10,150,,,,12.0,Indian Haven (GB),Way To The Stars (GB),Dansili,0,0.011803170174086755,0.004273504273504274,0.00954427040391201,0.00647350514352293,-0.005329665030563826,SKIP
RID2786-GB-14,2014-11-24,Kempton,1:35,Bradley Partnership Handicap Hurdle,0-120,4yo+,24.5,4900,Soft,14,Hurdle,Handicap,11.0,2014.0,2014 - 11,6,6707.045454545455,Alberobello,Jeremy Scott,Nick Scholfield,7/4F,2.75,6,11-7,161,t,115.0,42.0,112.0,Old Vic (GB),Tourist Attraction (IRE),Pollerton,0,0.3558716473489106,0.6752136752136753,0.45167425570833997,0.3126050749356745,-0.04326657241323606,SKIP
RID2786-GB-14,2014-11-24,Kempton,1:35,Bradley Partnership Handicap Hurdle,0-120,4yo+,24.5,4900,Soft,14,Hurdle,Handicap,11.0,2014.0,2014 - 11,6,6707.045454545455,Letemgo,Giles Smyly,Tom Cannon,9/4,3.25,6,11-8,162,,116.0,50.0,122.0,Brian Boru (GB),Leteminletemout (IRE),Be My Native,1,0.30112216314138585,0.7799145299145299,0.44475987317332905,0.3078196105369979,0.006697447395612066,SKIP
RID2786-GB-14,2014-11-24,Kempton,1:35,Bradley Partnership Handicap Hurdle,0-120,4yo+,24.5,4900,Soft,14,Hurdle,Handicap,11.0,2014.0,2014 - 11,6,6707.045454545455,Neville,Philip Hobbs,Richard Johnson,7/1,8.0,6,11-12,166,,120.0,47.0,118.0,Revoque (IRE),Dudeen (IRE),Anshan,0,0.12233087877618799,0.7371794871794872,0.30678546129717776,0.21232711607080626,0.08999623729461827,BET
RID2786-GB-14,2014-11-24,Kempton,1:35,Bradley Partnership Handicap Hurdle,0-120,4yo+,24.5,4900,Soft,14,Hurdle,Handicap,11.0,2014.0,2014 - 11,6,6707.045454545455,Mister Snowball,Chris Down,Barry Geraghty,5/1,6.0,7,11-4,158,,112.0,17.0,85.0,Ballingarry (IRE),No Coincidence (IRE),Indian Ridge,0,0.16310783836825066,0.2692307692307692,0.19494471762700621,0.13492180989269287,-0.02818602847555779,SKIP
RID2786-GB-14,2014-11-24,Kempton,1:35,Bradley Partnership Handicap Hurdle,0-120,4yo+,24.5,4900,Soft,14,Hurdle,Handicap,11.0,2014.0,2014 - 11,6,6707.045454545455,My Lord,Luke Dace,Jamie Moore,16/1,17.0,6,10-11,151,h,105.0,,24.0,Ishiguru (USA),Lady Smith (GB),Greensmith,0,0.05756747236526494,0.021367521367521368,0.04670748706594186,0.03232638856382844,-0.025241083801436498,SKIP
RID2787-GB-14,2014-11-24,Kempton,12:35,Coolmore EBF Stallions National Hunt Novices' Hurdle (Qualifier),Class 4,4-6yo,16.0,3200,Soft,14,Hurdle,Even,11.0,2014.0,2014 - 11,9,6707.045454545455,West Wizard,Nicky Henderson,Barry Geraghty,2/9F,1.22,5,10-12,152,,,96.0,132.0,King's Theatre (IRE),Queen's Diamond (GER),Konigsstuhl,0,0.6560373418721487,0.8910256410256411,0.7265338316181964,0.3788077464319472,-0.2772295954402015,SKIP
RID2787-GB-14,2014-11-24,Kempton,12:35,Coolmore EBF Stallions National Hunt Novices' Hurdle (Qualifier),Class 4,4-6yo,16.0,3200,Soft,14,Hurdle,Even,11.0,2014.0,2014 - 11,9,6707.045454545455,Arzal,Harry Whittington,Richard Johnson,7/2,4.5,4,10-12,152,,126.0,105.0,138.0,Vendangeur (IRE),Ghostaline (FR),Ghost Buster'S,1,0.17785901268533807,0.9572649572649573,0.4116807960592238,0.21464640436242946,0.036787391677091386,WATCH
RID2787-GB-14,2014-11-24,Kempton,12:35,Coolmore EBF Stallions National Hunt Novices' Hurdle (Qualifier),Class 4,4-6yo,16.0,3200,Soft,14,Hurdle,Even,11.0,2014.0,2014 - 11,9,6707.045454545455,Uptendownone,Gary Moore,Jamie Moore,12/1,13.0,5,10-12,152,,118.0,70.0,115.0,Oscar (IRE),Lady Meribel (GB),Kahyasi,0,0.061566581314155495,0.7029914529914529,0.2539940428173447,0.13243004906251926,0.07086346774836377,BET
RID2787-GB-14,2014-11-24,Kempton,12:35,Coolmore EBF Stallions National Hunt Novices' Hurdle (Qualifier),Class 4,4-6yo,16.0,3200,Soft,14,Hurdle,Even,11.0,2014.0,2014 - 11,9,6707.045454545455,Vodka 'n Tonic,Nicky Henderson,David Bass,14/1,15.0,5,10-12,152,,,52.0,100.0,Presenting (GB),Ballagh Dawn (IRE),Buckskin,0,0.053357703805601425,0.5534188034188035,0.20337603368956203,0.1060383063354668,0.05268060252986538,BET
RID2787-GB-14,2014-11-24,Kempton,12:35,Coolmore EBF Stallions National Hunt Novices' Hurdle (Qualifier),Class 4,4-6yo,16.0,3200,Soft,14,Hurdle,Even,11.0,2014.0,2014 - 11,9,6707.045454545455,Gamain,Ben Case,Daryl Jacob,33/1,34.0,5,10-12,152,,,49.0,94.0,Gamut (IRE),Glass Curtain (IRE),Old Vic,0,0.023540163443647687,0.43162393162393164,0.14596529389773288,0.07610489922475376,0.05256473578110607,BET
RID2787-GB-14,2014-11-24,Kempton,12:35,Coolmore EBF Stallions National Hunt Novices' Hurdle (Qualifier),Class 4,4-6yo,16.0,3200,Soft,14,Hurdle,Even,11.0,2014.0,2014 - 11,9,6707.045454545455,Bay Fortuna,Mark Usher,Dave Crosse,66/1,67.0,5,10-12,152,,,40.0,87.0,Old Vic (GB),East Rose (GB),Keen,0,0.011945754583343602,0.32905982905982906,0.10707997692628923,0.05583046925301175,0.043884714669668146,WATCH
RID2787-GB-14,2014-11-24,Kempton,12:35,Coolmore EBF Stallions National Hunt Novices' Hurdle (Qualifier),Class 4,4-6yo,16.0,3200,Soft,14,Hurdle,Even,11.0,2014.0,2014 - 11,9,6707.045454545455,Empty The Tank,Nigel Twiston-Davies,Ryan Hatch,50/1,51.0,4,10-7,147,,,21.0,73.0,Lawman (FR),Asian Alliance (IRE),Soviet Star,0,0.015693442295765126,0.19444444444444445,0.06931874294036892,0.03614212532987149,0.020448683034106362,WATCH
RID2788-GB-14,2014-11-24,Kempton,2:10,OLBG Mares' Hurdle,Listed,4yo+ M,24.5,4900,Soft,14,Hurdle,Even,11.0,2014.0,2014 - 11,6,27946.022727272728,L'Unique,Alan King,Aidan Coleman,4/1,5.0,5,10-12,152,,149.0,18.0,136.0,Reefscape (GB),Sans Tune (FR),Green Tune,0,0.36978599136991674,0.9316239316239316,0.5383373734461212,0.28730971692642804,-0.0824762744434887,SKIP
RID2788-GB-14,2014-11-24,Kempton,2:10,OLBG Mares' Hurdle,Listed,4yo+ M,24.5,4900,Soft,14,Hurdle,Even,11.0,2014.0,2014 - 11,6,27946.022727272728,Clara Mc Cloud,Gordon Elliott,Richard Johnson,4/1,5.0,6,10-12,152,t,140.0,18.0,135.0,Cloudings (IRE),Aoife Landers (IRE),Zaffaran,0,0.36978599136991674,0.9166666666666666,0.5338501939589417,0.28491491706327376,-0.08487107430664298,SKIP
RID2788-GB-14,2014-11-24,Kempton,2:10,OLBG Mares' Hurdle,Listed,4yo+ M,24.5,4900,Soft,14,Hurdle,Even,11.0,2014.0,2014 - 11,6,27946.022727272728,Carole's Spirit,Robert Walford,Daryl Jacob,11/1,12.0,6,11-6,160,,143.0,33.0,151.0,Hernando (FR),Carole's Crusader (GB),Faustus,1,0.15407749640413196,0.9957264957264957,0.40657219620084106,0.2169868717322313,0.06290937532809934,BET
RID2788-GB-14,2014-11-24,Kempton,2:10,OLBG Mares' Hurdle,Listed,4yo+ M,24.5,4900,Soft,14,Hurdle,Even,11.0,2014.0,2014 - 11,6,27946.022727272728,Mayfair Music,Nicky Henderson,David Bass,20/1,21.0,5,11-6,160,,139.0,,115.0,Presenting (GB),Native Bid (IRE),Be My Native,0,0.08804428365950398,0.7029914529914529,0.27252843445908864,0.14544794996790228,0.0574036663083983,BET
RID2788-GB-14,2014-11-24,Kempton,2:10,OLBG Mares' Hurdle,Listed,4yo+ M,24.5,4900,Soft,14,Hurdle,Even,11.0,2014.0,2014 - 11,6,27946.022727272728,Cnoc Seoda,Paul Henderson,Nick Scholfield,100/1,101.0,9,10-12,152,t,99.0,,89.0,Dr Massini (IRE),Hill Diamond (IRE),Acceglio,0,0.01830623719653053,0.36538461538461536,0.12242975065295597,0.06534054431016467,0.04703430711363414,WATCH
RID2789-GB-14,2014-11-24,Kempton,3:15,Openwork Foundation Novices' Hurdle,Class 4,4yo+,21.0,4200,Soft,14,Hurdle,Even,11.0,2014.0,2014 - 11,6,5365.636363636364,Brother Tedd,Philip Hobbs,Richard Johnson,4/6F,1.67,5,11-5,159,,,67.0,130.0,Kayf Tara (GB),Neltina (GB),Neltino,1,0.6108137443733838,0.8739316239316239,0.6897491082408558,0.4715199863522066,-0.13929375802117716,SKIP
RID2789-GB-14,2014-11-24,Kempton,3:15,Openwork Foundation Novices' Hurdle,Class 4,4yo+,21.0,4200,Soft,14,Hurdle,Even,11.0,2014.0,2014 - 11,6,5365.636363636364,New Horizons,Nicky Henderson,Barry Geraghty,5/1,6.0,4,10-12,152,,,34.0,98.0,Presenting (GB),Namloc (IRE),Phardante,0,0.17000982551725846,0.5128205128205128,0.2728530317082347,0.18652529774971355,0.016515472232455086,SKIP
RID2789-GB-14,2014-11-24,Kempton,3:15,Openwork Foundation Novices' Hurdle,Class 4,4yo+,21.0,4200,Soft,14,Hurdle,Even,11.0,2014.0,2014 - 11,6,5365.636363636364,Hurricane Vic,Alan King,Tom Bellamy,20/1,21.0,4,10-7,147,,,49.0,108.0,Mount Nelson (GB),Fountains Abbey (USA),Giant's Causeway,0,0.04857423586207385,0.6260683760683761,0.2218224779239645,0.15164025660008096,0.10306602073800711,BET
RID2789-GB-14,2014-11-24,Kempton,3:15,Openwork Foundation Novices' Hurdle,Class 4,4yo+,21.0,4200,Soft,14,Hurdle,Even,11.0,2014.0,2014 - 11,6,5365.636363636364,Dashaway,Jeremy Scott,Nick Scholfield,6/1,7.0,5,10-12,152,,,31.0,87.0,Shantou (USA),Backaway (IRE),Bob Back,0,0.14572270758622155,0.32905982905982906,0.2007238440283038,0.13721700117622876,-0.008505706409992791,SKIP
RID2789-GB-14,2014-11-24,Kempton,3:15,Openwork Foundation Novices' Hurdle,Class 4,4yo+,21.0,4200,Soft,14,Hurdle,Even,11.0,2014.0,2014 - 11,6,5365.636363636364,So Oscar,Lawney Hill,David Bass,40/1,41.0,6,10-12,152,t,,19.0,76.0,Oscar (IRE),So Proper (IRE),Topanoora,0,0.024879486661062218,0.20085470085470086,0.0776720509191538,0.053097458121770365,0.028217971460708147,WATCH
RID2790-GB-14,2014-11-24,Kempton,2:45,Pertemps Network Handicap Chase (The Jockey Club Grassroots Jumps Series Qualifier),0-135,4yo+,20.5,4100,Soft,14,Chase,Handicap,11.0,2014.0,2014 - 11,7,16767.613636363636,King Edmund,Chris Gordon,Tom Cannon,11/4F,3.75,11,11-12,166,t,135.0,142.0,141.0,Roi De Rome (USA),Cadbury Castle (GB),Midyan,0,0.4023514043109079,0.9722222222222222,0.5733126496843022,0.3227599182632665,-0.07959148604764138,SKIP
RID2790-GB-14,2014-11-24,Kempton,2:45,Pertemps Network Handicap Chase (The Jockey Club Grassroots Jumps Series Qualifier),0-135,4yo+,20.5,4100,Soft,14,Chase,Handicap,11.0,2014.0,2014 - 11,7,16767.613636363636,Tenor Nivernais,Venetia Williams,Aidan Coleman,5/1,6.0,7,11-9,163,,132.0,139.0,140.0,Shaanmer (IRE),Hosanna II (FR),Marasali,1,0.2514696276943174,0.9658119658119658,0.46577232912961186,0.26221755086329646,0.010747923168979046,SKIP
RID2790-GB-14,2014-11-24,Kempton,2:45,Pertemps Network Handicap Chase (The Jockey Club Grassroots Jumps Series Qualifier),0-135,4yo+,20.5,4100,Soft,14,Chase,Handicap,11.0,2014.0,2014 - 11,7,16767.613636363636,Frontier Spirit,Nigel Twiston-Davies,Ryan Hatch,9/2,5.5,10,10-11,151,v,125.0,124.0,123.0,New Frontier I (IRE),Psalmist (GB),Mystiko,0,0.27433050293925537,0.7884615384615384,0.42856981359594026,0.2412735146913269,-0.033056988247928465,SKIP
RID2790-GB-14,2014-11-24,Kempton,2:45,Pertemps Network Handicap Chase (The Jockey Club Grassroots Jumps Series Qualifier),0-135,4yo+,20.5,4100,Soft,14,Chase,Handicap,11.0,2014.0,2014 - 11,7,16767.613636363636,Roc D'Apsis,Tom George,Alain Cawley,20/1,21.0,5,11-0,154,,123.0,128.0,129.0,Apsis (GB),Rocapina (FR),Solon,0,0.07184846505551926,0.8611111111111112,0.30862725887219683,0.1737490161821101,0.10190055112659085,BET
RID2791-GB-14,2014-11-24,Kempton,1:05,Simply Finance Beginners' Chase,Class 4,4yo+,16.0,3200,Soft,14,Chase,Even,11.0,2014.0,2014 - 11,5,7824.886363636364,River Maigue,Nicky Henderson,Barry Geraghty,4/9F,1.44,7,11-0,154,,,103.0,126.0,Zagreb (USA),Minor Tantrum (IRE),Executive Perk,0,0.7925072046109509,0.8226495726495726,0.8015499150225374,0.5469894433224665,-0.24551776128848446,SKIP
RID2791-GB-14,2014-11-24,Kempton,1:05,Simply Finance Beginners' Chase,Class 4,4yo+,16.0,3200,Soft,14,Chase,Even,11.0,2014.0,2014 - 11,5,7824.886363636364,Tango De Juilley,Venetia Williams,Aidan Coleman,10/1,11.0,6,11-0,154,,,117.0,138.0,Lesotho (USA),Lasalsa De Juilley (FR),Le Balafre,1,0.1037463976945245,0.9572649572649573,0.3598019655656543,0.24553414972984286,0.14178775203531835,BET
RID2791-GB-14,2014-11-24,Kempton,1:05,Simply Finance Beginners' Chase,Class 4,4yo+,16.0,3200,Soft,14,Chase,Even,11.0,2014.0,2014 - 11,5,7824.886363636364,Ted Spread,Suzy Smith,Tom O'Brien,10/1,11.0,7,11-0,154,t,,99.0,121.0,Beat Hollow (GB),Highbrook (USA),Alphabatim,0,0.1037463976945245,0.7713675213675214,0.30403273479642356,0.20747640694769062,0.10373000925316612,BET
RID2792-GB-14,2014-11-24,Kempton,3:45,Starlight Children's Foundation Conditional Jockeys' Handicap Hurdle,0-130,3yo+,16.0,3200,Soft,14,Hurdle,Handicap,11.0,2014.0,2014 - 11,8,9278.079545454546,Germany Calling,Charlie Longsdon,Charlie Deutsch,7/4F,2.75,5,11-3,157,t,126.0,47.0,120.0,Germany (USA),Markir (IRE),Flemensfirth,0,0.3681343533067197,0.7585470085470085,0.4852581498788063,0.3166050664203002,-0.0515292868864195,SKIP
RID2792-GB-14,2014-11-24,Kempton,3:45,Starlight Children's Foundation Conditional Jockeys' Handicap Hurdle,0-130,3yo+,16.0,3200,Soft,14,Hurdle,Handicap,11.0,2014.0,2014 - 11,8,9278.079545454546,Lough Kent,Nicky Henderson,Nico de Boinville,7/2,4.5,5,11-9,163,,129.0,59.0,130.0,Barathea (IRE),King's Doll (IRE),King's Best,0,0.22497099368743978,0.8739316239316239,0.419659182760695,0.2738052384385965,0.04883424475115672,WATCH
RID2792-GB-14,2014-11-24,Kempton,3:45,Starlight Children's Foundation Conditional Jockeys' Handicap Hurdle,0-130,3yo+,16.0,3200,Soft,14,Hurdle,Handicap,11.0,2014.0,2014 - 11,8,9278.079545454546,Theinval,Nicky Henderson,Jeremiah McGrath,4/1,5.0,4,10-13,153,,119.0,56.0,126.0,Smadoun (FR),Kinevees (FR),Hard Leaf,1,0.20247389431869584,0.8226495726495726,0.38852659781795884,0.25349288690757665,0.05101899258888082,BET
RID2792-GB-14,2014-11-24,Kempton,3:45,Starlight Children's Foundation Conditional Jockeys' Handicap Hurdle,0-130,3yo+,16.0,3200,Soft,14,Hurdle,Handicap,11.0,2014.0,2014 - 11,8,9278.079545454546,Lyssio,Jim Best,Jack Sherwood,7/1,8.0,7,9-13,139,b,105.0,9.0,86.0,Motivator (GB),Lysuna (GER),Monsun,0,0.12654618394918488,0.2948717948717949,0.17704386722596788,0.11551168250627765,-0.011034501442907227,SKIP
RID2792-GB-14,2014-11-24,Kempton,3:45,Starlight Children's Foundation Conditional Jockeys' Handicap Hurdle,0-130,3yo+,16.0,3200,Soft,14,Hurdle,Handicap,11.0,2014.0,2014 - 11,8,9278.079545454546,Red Inca,Brian Ellison,Nathan Moscrop,12/1,13.0,6,10-9,149,p,118.0,,33.0,Pivotal (GB),Magicalmysterykate (USA),Woodman,0,0.07787457473795993,0.02564102564102564,0.062204510008879645,0.04058512572724895,-0.03728944901071098,SKIP
RID2793-GB-14,2014-11-24,Ludlow,2:55,Concha Y Toro Novices' Handicap Chase,0-105,4yo+,24.0,4800,Good To Soft,14,Chase,Handicap,11.0,2014.0,2014 - 11,8,11178.40909090909,Buddy Love,Nigel Twiston-Davies,Sam Twiston-Davies,EvensF,2.0,7,11-3,157,,96.0,27.0,98.0,Silver Patriarch (IRE),O My Love (GB),Idiots Delight,0,0.4390361574955104,0.5128205128205128,0.46117146409301113,0.260567723283266,-0.1784684342122444,SKIP
RID2793-GB-14,2014-11-24,Ludlow,2:55,Concha Y Toro Novices' Handicap Chase,0-105,4yo+,24.0,4800,Good To Soft,14,Chase,Handicap,11.0,2014.0,2014 - 11,8,11178.40909090909,Royal Palladium,Venetia Williams,Liam Treadwell,3/1,4.0,6,11-12,166,,105.0,53.0,120.0,King's Theatre (IRE),Dent Sucree (FR),Turgeon,1,0.2195180787477552,0.7585470085470085,0.38122675768753117,0.21539795073978582,-0.004120128007969376,SKIP
RID2793-GB-14,2014-11-24,Ludlow,2:55,Concha Y Toro Novices' Handicap Chase,0-105,4yo+,24.0,4800,Good To Soft,14,Chase,Handicap,11.0,2014.0,2014 - 11,8,11178.40909090909,Shinooki,Alex Hales,Kielan Woods,7/1,8.0,7,11-2,156,,95.0,38.0,104.0,Blueprint (IRE),Rapid Response (IRE),Be My Native,0,0.1097590393738776,0.5961538461538461,0.25567748140786817,0.14446101810803127,0.03470197873415368,WATCH
RID2793-GB-14,2014-11-24,Ludlow,2:55,Concha Y Toro Novices' Handicap Chase,0-105,4yo+,24.0,4800,Good To Soft,14,Chase,Handicap,11.0,2014.0,2014 - 11,8,11178.40909090909,Fishing Bridge,David Rees,Paul Moloney,20/1,21.0,9,11-12,166,,105.0,44.0,111.0,Definite Article (GB),Rith Ar Aghaidh (IRE),Phardante,0,0.0418129673805248,0.6581196581196581,0.2267049746022648,0.1280911844909573,0.0862782171104325,BET
RID2793-GB-14,2014-11-24,Ludlow,2:55,Concha Y Toro Novices' Handicap Chase,0-105,4yo+,24.0,4800,Good To Soft,14,Chase,Handicap,11.0,2014.0,2014 - 11,8,11178.40909090909,Mac Le Couteau,Evan Williams,Adam Wedge,8/1,9.0,6,10-10,150,h,89.0,32.0,97.0,Overbury (IRE),Macnance (IRE),Mandalus,0,0.09756359055455786,0.4829059829059829,0.21316630825998534,0.12044166638376572,0.022878075829207853,WATCH
RID2793-GB-14,2014-11-24,Ludlow,2:55,Concha Y Toro Novices' Handicap Chase,0-105,4yo+,24.0,4800,Good To Soft,14,Chase,Handicap,11.0,2014.0,2014 - 11,8,11178.40909090909,Khazium,Claire Dyson,Trevor Whelan,14/1,15.0,5,10-0,140,tp,82.0,22.0,87.0,Kheleyf (USA),Hazium (IRE),In The Wings,0,0.05853815433273472,0.32905982905982906,0.139694656750863,0.07892925191283821,0.020391097580103497,WATCH
RID2793-GB-14,2014-11-24,Ludlow,2:55,Concha Y Toro Novices' Handicap Chase,0-105,4yo+,24.0,4800,Good To Soft,14,Chase,Handicap,11.0,2014.0,2014 - 11,8,11178.40909090909,Moorlands George,Jeremy Scott,Matt Griffiths,25/1,26.0,6,10-6,146,,88.0,12.0,80.0,Grape Tree Road (GB),Sandford Springs (USA),Robellino,0,0.03377201211503927,0.22863247863247863,0.09223015207027106,0.05211120508135562,0.01833919296631635,SKIP
RID2794-GB-14,2014-11-24,Ludlow,3:55,EBF Stallions Mares' Standard Open National Hunt Flat Race,Class 5,4-6yo M,16.0,3200,Good To Soft,14,Bumper,Even,11.0,2014.0,2014 - 11,7,5589.204545454545,Bengali,David Pipe,Tom Scudamore,11/4,3.75,5,11-5,159,,,36.0,105.0,Beneficial (GB),Kigali (IRE),Torus,1,0.23661622255162193,0.6089743589743589,0.348323663478443,0.22697782582555184,-0.009638396726070086,SKIP
RID2794-GB-14,2014-11-24,Ludlow,3:55,EBF Stallions Mares' Standard Open National Hunt Flat Race,Class 5,4-6yo M,16.0,3200,Good To Soft,14,Bumper,Even,11.0,2014.0,2014 - 11,7,5589.204545454545,Belle De Londres,Warren Greatrex,Conor Walsh,15/8F,2.88,4,10-5,145,,,17.0,89.0,King's Theatre (IRE),J'y Reste (FR),Freedom Cry,0,0.3080940397807577,0.36538461538461536,0.325281212461915,0.2119626948373381,-0.09613134494341963,SKIP
RID2794-GB-14,2014-11-24,Ludlow,3:55,EBF Stallions Mares' Standard Open National Hunt Flat Race,Class 5,4-6yo M,16.0,3200,Good To Soft,14,Bumper,Even,11.0,2014.0,2014 - 11,7,5589.204545454545,Midnight Mint,Jeremy Scott,Sam Twiston-Davies,7/1,8.0,4,10-12,152,,,25.0,95.0,Midnight Legend (GB),Calamintha (GB),Mtoto,0,0.11091385432107279,0.44871794871794873,0.21225508264013554,0.13831158267277005,0.027397728351697265,WATCH
RID2794-GB-14,2014-11-24,Ludlow,3:55,EBF Stallions Mares' Standard Open National Hunt Flat Race,Class 5,4-6yo M,16.0,3200,Good To Soft,14,Bumper,Even,11.0,2014.0,2014 - 11,7,5589.204545454545,Coco Des Champs,Oliver Sherwood,Leighton Aspell,9/2,5.5,4,10-12,152,,,14.0,87.0,Robin Des Champs (FR),American Chick (IRE),Lord Americo,0,0.16132924264883314,0.32905982905982906,0.2116484185721319,0.13791626272870752,-0.023412979920125615,SKIP
RID2794-GB-14,2014-11-24,Ludlow,3:55,EBF Stallions Mares' Standard Open National Hunt Flat Race,Class 5,4-6yo M,16.0,3200,Good To Soft,14,Bumper,Even,11.0,2014.0,2014 - 11,7,5589.204545454545,Timon's Tara,Robin Dickin,Charlie Poste,12/1,13.0,5,10-12,152,,,27.0,97.0,Kayf Tara (GB),Princess Timon (GB),Terimon,0,0.06825467958219864,0.4829059829059829,0.1926500705793339,0.12553638684367624,0.057281707261477605,BET
RID2794-GB-14,2014-11-24,Ludlow,3:55,EBF Stallions Mares' Standard Open National Hunt Flat Race,Class 5,4-6yo M,16.0,3200,Good To Soft,14,Bumper,Even,11.0,2014.0,2014 - 11,7,5589.204545454545,Blackdown Hills,Jamie Snowden,Brendan Powell,25/1,26.0,4,10-12,152,,,21.0,92.0,Presenting (GB),Lady Prunella (IRE),Supreme Leader,0,0.03412733979109932,0.4017094017094017,0.14440195836659003,0.09409651422384313,0.05996917443274381,BET
RID2794-GB-14,2014-11-24,Ludlow,3:55,EBF Stallions Mares' Standard Open National Hunt Flat Race,Class 5,4-6yo M,16.0,3200,Good To Soft,14,Bumper,Even,11.0,2014.0,2014 - 11,7,5589.204545454545,Bufflers Holt,Paul Webber,Liam Treadwell,10/1,11.0,5,10-12,152,,,,67.0,Flemensfirth (USA),Water Stratford (IRE),Jurado,0,0.08066462132441657,0.1452991452991453,0.10005497851683519,0.06519873286811316,-0.015465888456303409,SKIP
